Address,Date time,Minimum Temperature,Maximum Temperature,Temperature,Dew Point,Relative Humidity,Heat Index,Wind Speed,Wind Gust,Wind Direction,Wind Chill,Precipitation,Precipitation Cover,Snow Depth,Visibility,Cloud Cover,Sea Level Pressure,Weather Type,Latitude,Longitude,Resolved Address,Name,Info,Conditions
"Los Angeles,CA,USA",01/01/2021,45.1,68.9,56.0,34.1,46.67,,5.1,,205.95,,0.0,0.0,0.0,8.6,1.2,1018.7,Smoke Or Haze,34.0536,-118.245,"Los Angeles, CA, United States","Los Angeles, CA, United States",,Clear
"Los Angeles,CA,USA",01/02/2021,47.1,64.5,54.9,41.1,60.66,,4.2,,159.0,,0.0,0.0,0.0,9.7,8.3,1023.4,Mist,34.0536,-118.245,"Los Angeles, CA, United States","Los Angeles, CA, United States",,Clear
"Los Angeles,CA,USA",01/03/2021,51.0,62.6,55.6,48.3,77.19,,5.0,,129.3,,0.0,0.0,0.0,7.3,46.9,1022.3,"Mist, Smoke Or Haze",34.0536,-118.245,"Los Angeles, CA, United States","Los Angeles, CA, United States",,Partially cloudy
"Los Angeles,CA,USA",01/04/2021,48.8,61.8,54.7,48.0,78.58,,6.2,,113.39,,0.0,0.0,0.0,7.5,19.5,1021.2,"Mist, Smoke Or Haze",34.0536,-118.245,"Los Angeles, CA, United States","Los Angeles, CA, United States",,Clear
"Los Angeles,CA,USA",01/05/2021,49.3,62.4,54.5,47.9,78.83,,5.2,,197.21,,0.0,0.0,0.0,5.5,31.4,1019.7,"Mist, Fog, Smoke Or Haze",34.0536,-118.245,"Los Angeles, CA, United States","Los Angeles, CA, United States",,Partially cloudy
"Los Angeles,CA,USA",01/06/2021,48.7,70.7,57.6,44.5,64.87,,4.9,,200.17,,0.0,0.0,0.0,8.5,2.4,1019.1,"Mist, Fog, Smoke Or Haze",34.0536,-118.245,"Los Angeles, CA, United States","Los Angeles, CA, United States",,Clear
"Los Angeles,CA,USA",01/07/2021,46.0,73.5,56.1,42.8,65.53,,5.6,,106.04,,0.0,0.0,0.0,8.8,2.6,1018.2,"Mist, Fog, Light Rain, Smoke Or Haze",34.0536,-118.245,"Los Angeles, CA, United States","Los Angeles, CA, United States",,Clear
"Los Angeles,CA,USA",01/08/2021,47.0,66.5,56.4,42.6,62.36,,8.3,32.2,168.67,,0.0,0.0,0.0,7.6,3.9,1018.8,"Mist, Fog, Light Rain, Smoke Or Haze",34.0536,-118.245,"Los Angeles, CA, United States","Los Angeles, CA, United States",,Clear
"Los Angeles,CA,USA",01/09/2021,50.1,73.8,59.7,37.2,46.61,,6.2,28.9,170.13,,0.0,0.0,0.0,8.7,1.2,1017.5,"Mist, Smoke Or Haze",34.0536,-118.245,"Los Angeles, CA, United States","Los Angeles, CA, United States",,Clear
"Los Angeles,CA,USA",01/10/2021,48.2,70.9,58.4,29.1,35.81,,6.2,,189.96,,0.0,0.0,0.0,9.9,1.6,1020.8,,34.0536,-118.245,"Los Angeles, CA, United States","Los Angeles, CA, United States",,Clear
"Los Angeles,CA,USA",01/11/2021,46.4,73.6,58.4,30.8,38.59,,7.3,,128.68,,0.0,0.0,0.0,9.9,1.5,1021.3,,34.0536,-118.245,"Los Angeles, CA, United States","Los Angeles, CA, United States",,Clear
"Los Angeles,CA,USA",01/12/2021,48.9,71.5,58.7,30.4,37.14,,5.6,,166.96,,0.0,0.0,0.0,9.9,1.9,1023.6,,34.0536,-118.245,"Los Angeles, CA, United States","Los Angeles, CA, United States",,Clear
"Los Angeles,CA,USA",01/13/2021,48.7,74.1,59.7,34.1,43.24,,4.9,,152.46,,0.0,0.0,0.0,9.9,2.0,1022.4,,34.0536,-118.245,"Los Angeles, CA, United States","Los Angeles, CA, United States",,Clear
"Los Angeles,CA,USA",01/14/2021,51.1,82.1,64.1,38.8,43.27,79.9,4.0,,133.46,,0.0,0.0,0.0,9.9,0.8,1020.2,,34.0536,-118.245,"Los Angeles, CA, United States","Los Angeles, CA, United States",,Clear
"Los Angeles,CA,USA",01/15/2021,53.7,87.6,68.3,34.5,32.98,83.9,1.0,26.4,192.59,,0.0,0.0,0.0,9.9,0.8,1018.5,,34.0536,-118.245,"Los Angeles, CA, United States","Los Angeles, CA, United States",,Clear
"Los Angeles,CA,USA",01/16/2021,55.1,86.8,67.9,32.7,29.49,83.3,3.4,,74.04,,0.0,0.0,0.0,9.9,0.9,1014.2,,34.0536,-118.245,"Los Angeles, CA, United States","Los Angeles, CA, United States",,Clear
"Los Angeles,CA,USA",01/17/2021,54.2,84.6,67.9,33.1,31.34,81.5,5.0,,143.95,,0.0,0.0,0.0,9.9,0.4,1014.3,,34.0536,-118.245,"Los Angeles, CA, United States","Los Angeles, CA, United States",,Clear
"Los Angeles,CA,USA",01/18/2021,53.8,77.6,63.3,38.8,45.98,,5.0,,140.13,,0.0,0.0,0.0,9.1,17.2,1009.3,"Mist, Fog, Smoke Or Haze",34.0536,-118.245,"Los Angeles, CA, United States","Los Angeles, CA, United States",,Clear
"Los Angeles,CA,USA",01/19/2021,55.7,70.9,61.1,37.1,47.27,,14.0,41.4,69.38,,0.0,0.0,0.0,9.4,58.0,1008.2,Light Rain,34.0536,-118.245,"Los Angeles, CA, United States","Los Angeles, CA, United States",,Partially cloudy
"Los Angeles,CA,USA",01/20/2021,54.4,76.0,64.6,36.2,36.09,,5.5,33.3,69.13,,0.0,0.0,0.0,9.9,2.3,1013.5,,34.0536,-118.245,"Los Angeles, CA, United States","Los Angeles, CA, United States",,Clear
"Los Angeles,CA,USA",01/21/2021,53.4,69.8,61.2,41.6,49.64,,6.3,,174.92,,0.0,0.0,0.0,9.8,0.7,1016.1,Smoke Or Haze,34.0536,-118.245,"Los Angeles, CA, United States","Los Angeles, CA, United States",,Clear
"Los Angeles,CA,USA",01/22/2021,52.2,62.6,56.8,46.4,68.45,,6.9,19.7,167.83,,0.0,0.0,0.0,9.9,65.7,1015.0,Mist,34.0536,-118.245,"Los Angeles, CA, United States","Los Angeles, CA, United States",,Partially cloudy
"Los Angeles,CA,USA",01/23/2021,47.8,54.8,50.9,43.3,75.48,,4.9,,154.58,46.9,0.38,62.5,0.0,9.5,80.0,1012.6,"Mist, Light Drizzle, Rain, Heavy Rain, Light Rain",34.0536,-118.245,"Los Angeles, CA, United States","Los Angeles, CA, United States",,"Rain, Overcast"
"Los Angeles,CA,USA",01/24/2021,42.9,59.8,51.2,41.4,70.97,,8.9,,180.04,47.8,0.0,0.0,0.0,8.7,33.1,1012.3,Mist,34.0536,-118.245,"Los Angeles, CA, United States","Los Angeles, CA, United States",,Partially cloudy
"Los Angeles,CA,USA",01/25/2021,44.1,54.9,49.8,35.4,60.07,,12.0,36.0,290.38,47.1,0.34,25.0,0.0,9.4,47.9,1007.4,"Mist, Rain, Heavy Rain, Light Rain, Smoke Or Haze",34.0536,-118.245,"Los Angeles, CA, United States","Los Angeles, CA, United States",,"Rain, Partially cloudy"
"Los Angeles,CA,USA",01/26/2021,41.0,57.4,49.2,28.4,46.63,,6.9,,277.5,41.4,0.0,0.0,0.0,9.9,9.3,1015.2,Light Rain,34.0536,-118.245,"Los Angeles, CA, United States","Los Angeles, CA, United States",,Clear
"Los Angeles,CA,USA",01/27/2021,49.7,60.4,53.7,36.6,52.7,,8.8,25.3,106.0,47.3,0.0,0.0,0.0,9.9,64.7,1020.0,,34.0536,-118.245,"Los Angeles, CA, United States","Los Angeles, CA, United States",,Partially cloudy
"Los Angeles,CA,USA",01/28/2021,46.0,63.8,54.5,40.5,62.17,,8.5,32.2,120.46,,0.77,16.67,0.0,8.9,41.0,1014.5,"Mist, Rain, Heavy Rain, Light Rain",34.0536,-118.245,"Los Angeles, CA, United States","Los Angeles, CA, United States",,"Rain, Partially cloudy"
"Los Angeles,CA,USA",01/29/2021,47.7,54.1,51.3,44.8,78.92,,10.3,18.3,157.29,45.4,0.88,58.33,0.0,8.6,78.5,1014.5,"Mist, Rain, Heavy Rain, Light Rain",34.0536,-118.245,"Los Angeles, CA, United States","Los Angeles, CA, United States",,"Rain, Overcast"
"Los Angeles,CA,USA",01/30/2021,43.9,61.8,52.0,40.5,67.0,,4.6,,173.27,42.7,0.0,0.0,0.0,9.9,0.7,1021.1,,34.0536,-118.245,"Los Angeles, CA, United States","Los Angeles, CA, United States",,Clear
"Los Angeles,CA,USA",01/31/2021,48.7,70.7,58.8,36.1,45.38,,3.6,,164.0,47.7,0.0,0.0,0.0,9.9,2.7,1020.1,,34.0536,-118.245,"Los Angeles, CA, United States","Los Angeles, CA, United States",,Clear
"Los Angeles,CA,USA",02/01/2021,58.0,71.2,62.9,40.5,45.23,,4.8,,222.08,,0.0,0.0,0.0,9.9,50.8,1017.5,Light Rain,34.0536,-118.245,"Los Angeles, CA, United States","Los Angeles, CA, United States",,Partially cloudy
"Los Angeles,CA,USA",02/02/2021,54.0,70.0,60.5,48.4,65.92,,6.5,16.1,250.0,,0.0,0.0,0.0,9.9,26.6,1017.5,Mist,34.0536,-118.245,"Los Angeles, CA, United States","Los Angeles, CA, United States",,Partially cloudy
"Los Angeles,CA,USA",02/03/2021,49.9,65.5,57.5,47.9,71.54,,5.4,,170.92,,0.0,0.0,0.0,9.7,7.3,1017.3,"Mist, Fog, Light Rain, Smoke Or Haze",34.0536,-118.245,"Los Angeles, CA, United States","Los Angeles, CA, United States",,Clear
"Los Angeles,CA,USA",02/04/2021,53.7,65.4,57.8,47.3,68.81,,5.3,,162.0,,0.0,0.0,0.0,9.7,43.5,1019.1,,34.0536,-118.245,"Los Angeles, CA, United States","Los Angeles, CA, United States",,Partially cloudy
"Los Angeles,CA,USA",02/05/2021,49.6,67.6,57.1,43.1,62.1,,8.3,,176.67,,0.0,0.0,0.0,9.2,0.5,1018.3,"Mist, Smoke Or Haze",34.0536,-118.245,"Los Angeles, CA, United States","Los Angeles, CA, United States",,Clear
"Los Angeles,CA,USA",02/06/2021,47.0,71.2,58.3,42.4,58.77,,6.1,,176.83,,0.0,0.0,0.0,9.7,0.0,1015.4,,34.0536,-118.245,"Los Angeles, CA, United States","Los Angeles, CA, United States",,Clear
"Los Angeles,CA,USA",02/07/2021,48.7,66.4,55.6,46.4,72.63,,5.4,,139.25,49.1,0.0,0.0,0.0,5.7,24.7,1013.4,"Mist, Fog, Smoke Or Haze",34.0536,-118.245,"Los Angeles, CA, United States","Los Angeles, CA, United States",,Clear
"Los Angeles,CA,USA",02/08/2021,51.9,64.4,55.7,47.1,73.84,,6.4,,140.83,,0.0,0.0,0.0,6.4,59.1,1015.0,"Mist, Smoke Or Haze",34.0536,-118.245,"Los Angeles, CA, United States","Los Angeles, CA, United States",,Partially cloudy
"Los Angeles,CA,USA",02/09/2021,54.9,61.5,56.7,45.6,66.58,,4.8,,146.25,,0.0,0.0,0.0,9.6,84.7,1016.2,,34.0536,-118.245,"Los Angeles, CA, United States","Los Angeles, CA, United States",,Overcast
"Los Angeles,CA,USA",02/10/2021,52.0,61.8,56.2,47.1,71.96,,5.4,,216.22,,0.0,0.0,0.0,8.4,57.3,1016.5,"Mist, Smoke Or Haze",34.0536,-118.245,"Los Angeles, CA, United States","Los Angeles, CA, United States",,Partially cloudy
"Los Angeles,CA,USA",02/11/2021,47.9,66.3,56.0,46.8,72.58,,6.8,,202.13,,0.0,0.0,0.0,7.5,20.3,1016.4,"Mist, Smoke Or Haze",34.0536,-118.245,"Los Angeles, CA, United States","Los Angeles, CA, United States",,Clear
"Los Angeles,CA,USA",02/12/2021,55.7,67.5,60.1,45.5,61.93,,16.9,32.2,201.13,,0.0,12.5,0.0,8.2,38.3,1012.9,"Mist, Light Rain, Smoke Or Haze",34.0536,-118.245,"Los Angeles, CA, United States","Los Angeles, CA, United States",,Partially cloudy
"Los Angeles,CA,USA",02/13/2021,53.7,62.8,58.6,45.2,63.18,,10.0,31.1,149.61,,0.0,0.0,0.0,9.9,36.5,1012.4,Light Rain,34.0536,-118.245,"Los Angeles, CA, United States","Los Angeles, CA, United States",,Partially cloudy
"Los Angeles,CA,USA",02/14/2021,56.8,70.0,62.6,27.9,27.89,,20.4,33.3,304.25,,0.0,0.0,0.0,9.9,1.5,1013.3,,34.0536,-118.245,"Los Angeles, CA, United States","Los Angeles, CA, United States",,Clear
"Los Angeles,CA,USA",02/15/2021,52.7,65.4,58.3,41.0,53.77,,6.4,19.9,129.79,,0.0,0.0,0.0,9.9,6.8,1016.1,,34.0536,-118.245,"Los Angeles, CA, United States","Los Angeles, CA, United States",,Clear
"Los Angeles,CA,USA",02/16/2021,54.0,67.4,60.5,40.6,53.34,,10.2,31.1,243.42,,0.0,0.0,0.0,9.5,26.1,1014.1,"Mist, Smoke Or Haze",34.0536,-118.245,"Los Angeles, CA, United States","Los Angeles, CA, United States",,Partially cloudy
"Los Angeles,CA,USA",02/17/2021,44.0,70.2,60.2,31.3,37.42,,7.9,26.8,246.0,42.4,0.0,0.0,0.0,9.8,1.0,1016.1,,34.0536,-118.245,"Los Angeles, CA, United States","Los Angeles, CA, United States",,Clear
"Los Angeles,CA,USA",02/18/2021,48.1,67.8,57.6,28.4,36.54,,8.8,,273.5,,0.0,0.0,0.0,9.9,0.3,1024.8,,34.0536,-118.245,"Los Angeles, CA, United States","Los Angeles, CA, United States",,Clear
"Los Angeles,CA,USA",02/19/2021,47.0,69.5,58.0,31.2,39.58,,5.3,,147.92,49.1,0.0,0.0,0.0,9.9,0.7,1022.7,,34.0536,-118.245,"Los Angeles, CA, United States","Los Angeles, CA, United States",,Clear
"Los Angeles,CA,USA",02/20/2021,47.9,67.5,58.0,33.5,45.6,,10.7,28.3,260.0,,0.0,0.0,0.0,9.9,0.8,1020.1,,34.0536,-118.245,"Los Angeles, CA, United States","Los Angeles, CA, United States",,Clear
"Los Angeles,CA,USA",02/21/2021,46.3,72.8,59.3,28.5,34.48,,8.5,,201.92,,0.0,0.0,0.0,9.9,0.1,1024.2,,34.0536,-118.245,"Los Angeles, CA, United States","Los Angeles, CA, United States",,Clear
"Los Angeles,CA,USA",02/22/2021,48.0,80.5,63.7,28.3,30.74,78.5,3.9,,106.08,,0.0,0.0,0.0,9.9,0.0,1020.7,,34.0536,-118.245,"Los Angeles, CA, United States","Los Angeles, CA, United States",,Clear
"Los Angeles,CA,USA",02/23/2021,52.9,77.5,64.3,33.9,34.87,,10.7,,92.25,,0.0,0.0,0.0,9.9,1.1,1016.0,,34.0536,-118.245,"Los Angeles, CA, United States","Los Angeles, CA, United States",,Clear
"Los Angeles,CA,USA",02/24/2021,52.8,73.6,61.2,44.5,57.91,,4.9,17.2,138.0,,0.0,0.0,0.0,9.3,1.4,1016.2,"Mist, Fog, Smoke Or Haze",34.0536,-118.245,"Los Angeles, CA, United States","Los Angeles, CA, United States",,Clear
"Los Angeles,CA,USA",02/25/2021,51.9,72.8,61.3,35.0,46.92,,6.5,,146.42,,0.0,0.0,0.0,7.7,11.4,1018.2,"Mist, Fog, Smoke Or Haze",34.0536,-118.245,"Los Angeles, CA, United States","Los Angeles, CA, United States",,Clear
"Los Angeles,CA,USA",02/26/2021,47.9,72.4,59.7,26.5,31.38,,5.3,,202.33,,0.0,0.0,0.0,9.9,0.9,1015.2,Light Rain,34.0536,-118.245,"Los Angeles, CA, United States","Los Angeles, CA, United States",,Clear
"Los Angeles,CA,USA",02/27/2021,51.0,73.7,60.6,36.0,46.41,,9.6,30.0,172.96,,0.0,0.0,0.0,9.8,3.5,1012.8,,34.0536,-118.245,"Los Angeles, CA, United States","Los Angeles, CA, United States",,Clear
"Los Angeles,CA,USA",02/28/2021,48.9,72.7,60.5,32.0,40.18,,6.4,,118.17,,0.0,0.0,0.0,9.9,1.0,1019.5,,34.0536,-118.245,"Los Angeles, CA, United States","Los Angeles, CA, United States",,Clear
"Los Angeles,CA,USA",03/01/2021,50.0,75.2,61.3,15.5,17.94,,6.3,,118.04,,0.0,0.0,0.0,9.9,0.1,1020.3,,34.0536,-118.245,"Los Angeles, CA, United States","Los Angeles, CA, United States",,Clear
"Los Angeles,CA,USA",03/02/2021,49.7,74.3,59.9,25.8,31.7,,9.0,20.8,214.21,,0.0,0.0,0.0,9.9,1.6,1012.7,,34.0536,-118.245,"Los Angeles, CA, United States","Los Angeles, CA, United States",,Clear
"Los Angeles,CA,USA",03/03/2021,49.4,57.7,52.7,41.5,66.32,,14.8,30.0,106.5,44.6,0.16,16.67,0.0,9.4,43.5,1011.5,"Mist, Rain, Heavy Rain, Light Rain",34.0536,-118.245,"Los Angeles, CA, United States","Los Angeles, CA, United States",,"Rain, Partially cloudy"
"Los Angeles,CA,USA",03/04/2021,46.8,65.5,56.0,42.7,62.76,,8.3,,177.87,49.0,0.0,0.0,0.0,9.9,0.9,1022.7,,34.0536,-118.245,"Los Angeles, CA, United States","Los Angeles, CA, United States",,Clear
"Los Angeles,CA,USA",03/05/2021,47.5,76.4,61.1,41.6,53.25,,7.5,18.3,195.67,,0.0,0.0,0.0,9.6,1.2,1018.9,,34.0536,-118.245,"Los Angeles, CA, United States","Los Angeles, CA, United States",,Clear
"Los Angeles,CA,USA",03/06/2021,50.9,68.5,58.3,47.8,69.54,,11.0,18.3,203.04,,0.0,0.0,0.0,9.4,15.9,1016.2,Mist,34.0536,-118.245,"Los Angeles, CA, United States","Los Angeles, CA, United States",,Clear
"Los Angeles,CA,USA",03/07/2021,55.6,63.6,58.4,47.6,67.75,,7.3,,178.71,,0.0,0.0,0.0,9.8,78.1,1017.1,,34.0536,-118.245,"Los Angeles, CA, United States","Los Angeles, CA, United States",,Overcast
"Los Angeles,CA,USA",03/08/2021,53.9,64.8,59.1,45.0,60.45,,11.0,21.9,168.61,,0.0,0.0,0.0,9.9,47.0,1020.6,Light Rain,34.0536,-118.245,"Los Angeles, CA, United States","Los Angeles, CA, United States",,Partially cloudy
"Los Angeles,CA,USA",03/09/2021,47.8,61.7,55.2,41.2,60.48,,17.5,33.5,181.91,,0.0,0.0,0.0,9.9,20.4,1019.9,,34.0536,-118.245,"Los Angeles, CA, United States","Los Angeles, CA, United States",,Clear
"Los Angeles,CA,USA",03/10/2021,47.9,56.5,52.5,42.3,69.27,,6.6,25.3,241.25,46.7,0.8,54.17,0.0,9.1,74.2,1017.6,"Mist, Rain, Heavy Rain, Light Rain",34.0536,-118.245,"Los Angeles, CA, United States","Los Angeles, CA, United States",,"Rain, Partially cloudy"
"Los Angeles,CA,USA",03/11/2021,45.8,56.6,51.3,38.6,62.99,,10.7,,194.38,44.8,0.13,20.83,0.0,9.7,51.0,1017.7,"Mist, Rain, Heavy Rain, Light Rain",34.0536,-118.245,"Los Angeles, CA, United States","Los Angeles, CA, United States",,"Rain, Partially cloudy"
"Los Angeles,CA,USA",03/12/2021,44.7,58.6,51.7,38.0,60.43,,9.7,21.9,175.61,43.3,0.0,0.0,0.0,9.9,16.0,1020.5,Light Rain,34.0536,-118.245,"Los Angeles, CA, United States","Los Angeles, CA, United States",,Clear
"Los Angeles,CA,USA",03/13/2021,46.6,62.4,54.5,41.9,63.05,,9.9,18.3,169.13,,0.0,0.0,0.0,9.9,21.8,1023.5,,34.0536,-118.245,"Los Angeles, CA, United States","Los Angeles, CA, United States",,Clear
"Los Angeles,CA,USA",03/14/2021,53.8,63.3,57.0,44.7,64.14,,6.8,20.8,168.17,,0.0,0.0,0.0,9.9,94.5,1022.7,,34.0536,-118.245,"Los Angeles, CA, United States","Los Angeles, CA, United States",,Overcast
"Los Angeles,CA,USA",03/15/2021,49.9,56.8,53.4,40.6,63.72,,20.6,43.2,232.54,48.6,0.29,25.0,0.0,8.8,66.8,1015.3,"Mist, Rain, Heavy Rain, Light Rain",34.0536,-118.245,"Los Angeles, CA, United States","Los Angeles, CA, United States",,"Rain, Partially cloudy"
"Los Angeles,CA,USA",03/16/2021,44.9,60.4,52.3,32.8,48.2,,9.1,18.3,234.48,44.3,0.0,0.0,0.0,9.9,0.7,1016.9,Light Rain,34.0536,-118.245,"Los Angeles, CA, United States","Los Angeles, CA, United States",,Clear
"Los Angeles,CA,USA",03/17/2021,46.0,65.4,54.4,40.1,60.23,,8.0,18.3,162.61,,0.0,0.0,0.0,9.9,1.3,1019.3,,34.0536,-118.245,"Los Angeles, CA, United States","Los Angeles, CA, United States",,Clear
"Los Angeles,CA,USA",03/18/2021,51.2,64.8,57.2,45.8,67.16,,10.6,,231.96,,0.0,0.0,0.0,9.9,1.6,1019.7,,34.0536,-118.245,"Los Angeles, CA, United States","Los Angeles, CA, United States",,Clear
"Los Angeles,CA,USA",03/19/2021,50.1,69.3,59.1,48.2,69.19,,10.2,,169.67,,0.0,0.0,0.0,9.9,2.8,1020.0,Smoke Or Haze,34.0536,-118.245,"Los Angeles, CA, United States","Los Angeles, CA, United States",,Clear
"Los Angeles,CA,USA",03/20/2021,55.8,65.7,60.0,46.4,63.54,,8.5,16.1,289.68,,0.0,0.0,0.0,9.7,54.0,1019.7,Mist,34.0536,-118.245,"Los Angeles, CA, United States","Los Angeles, CA, United States",,Partially cloudy
"Los Angeles,CA,USA",03/21/2021,48.7,67.5,59.4,37.9,47.7,,9.1,28.9,221.91,,0.0,0.0,0.0,9.9,3.7,1017.8,,34.0536,-118.245,"Los Angeles, CA, United States","Los Angeles, CA, United States",,Clear
"Los Angeles,CA,USA",03/22/2021,52.6,68.5,59.5,41.7,53.34,,7.4,18.3,141.88,,0.0,0.0,0.0,9.9,0.9,1017.8,,34.0536,-118.245,"Los Angeles, CA, United States","Los Angeles, CA, United States",,Clear
"Los Angeles,CA,USA",03/23/2021,47.5,70.1,60.6,39.0,49.87,,17.5,34.2,234.74,,0.0,0.0,0.0,9.7,26.0,1011.5,,34.0536,-118.245,"Los Angeles, CA, United States","Los Angeles, CA, United States",,Partially cloudy
"Los Angeles,CA,USA",03/24/2021,54.4,72.6,64.9,22.0,20.3,,13.9,36.9,195.17,,0.0,0.0,0.0,9.9,1.8,1013.1,,34.0536,-118.245,"Los Angeles, CA, United States","Los Angeles, CA, United States",,Clear
"Los Angeles,CA,USA",03/25/2021,52.9,61.7,56.5,42.8,60.53,,18.0,25.3,218.0,,0.0,0.0,0.0,9.9,63.3,1011.0,,34.0536,-118.245,"Los Angeles, CA, United States","Los Angeles, CA, United States",,Partially cloudy
"Los Angeles,CA,USA",03/26/2021,51.0,63.8,56.7,42.3,59.81,,7.6,18.3,214.79,,0.0,0.0,0.0,9.9,26.2,1014.9,,34.0536,-118.245,"Los Angeles, CA, United States","Los Angeles, CA, United States",,Partially cloudy
"Los Angeles,CA,USA",03/27/2021,48.8,74.5,61.0,42.7,55.46,,7.5,,196.65,,0.0,0.0,0.0,9.9,0.0,1022.0,,34.0536,-118.245,"Los Angeles, CA, United States","Los Angeles, CA, United States",,Clear
"Los Angeles,CA,USA",03/28/2021,54.6,85.1,68.1,36.3,37.12,82.0,8.5,19.7,178.3,,0.0,0.0,0.0,9.9,0.0,1019.9,,34.0536,-118.245,"Los Angeles, CA, United States","Los Angeles, CA, United States",,Clear
"Los Angeles,CA,USA",03/29/2021,54.9,78.3,64.9,43.4,48.04,,7.5,,203.17,,0.0,0.0,0.0,9.9,0.3,1012.1,,34.0536,-118.245,"Los Angeles, CA, United States","Los Angeles, CA, United States",,Clear
"Los Angeles,CA,USA",03/30/2021,55.8,73.6,62.6,49.9,65.14,,8.7,,151.18,,0.0,0.0,0.0,9.1,28.1,1013.4,,34.0536,-118.245,"Los Angeles, CA, United States","Los Angeles, CA, United States",,Partially cloudy
"Los Angeles,CA,USA",03/31/2021,53.9,87.3,70.4,35.8,39.73,83.8,6.4,,170.17,,0.0,0.0,0.0,9.2,0.6,1016.6,,34.0536,-118.245,"Los Angeles, CA, United States","Los Angeles, CA, United States",,Clear
"Los Angeles,CA,USA",04/01/2021,62.0,85.3,72.3,25.0,19.3,82.2,5.6,,179.29,,0.0,0.0,0.0,9.9,5.6,1011.9,Smoke Or Haze,34.0536,-118.245,"Los Angeles, CA, United States","Los Angeles, CA, United States",,Clear
"Los Angeles,CA,USA",04/02/2021,56.9,73.5,63.7,50.0,62.46,,5.8,19.7,155.71,,0.0,0.0,0.0,9.6,15.7,1015.5,Mist,34.0536,-118.245,"Los Angeles, CA, United States","Los Angeles, CA, United States",,Clear
"Los Angeles,CA,USA",04/03/2021,55.7,69.3,59.9,50.9,73.48,,5.6,19.7,276.55,,0.0,0.0,0.0,6.6,44.0,1019.0,"Mist, Smoke Or Haze",34.0536,-118.245,"Los Angeles, CA, United States","Los Angeles, CA, United States",,Partially cloudy
"Los Angeles,CA,USA",04/04/2021,52.0,73.4,62.0,47.9,62.06,,8.4,,180.17,,0.0,0.0,0.0,9.2,1.5,1017.2,Light Rain,34.0536,-118.245,"Los Angeles, CA, United States","Los Angeles, CA, United States",,Clear
"Los Angeles,CA,USA",04/05/2021,55.1,70.2,60.8,49.5,67.05,,10.8,19.7,180.17,,0.0,0.0,0.0,9.6,11.1,1013.8,Smoke Or Haze,34.0536,-118.245,"Los Angeles, CA, United States","Los Angeles, CA, United States",,Clear
"Los Angeles,CA,USA",04/06/2021,54.9,68.8,61.0,49.9,67.89,,8.7,19.7,213.42,,0.0,0.0,0.0,9.5,23.8,1014.7,"Mist, Smoke Or Haze",34.0536,-118.245,"Los Angeles, CA, United States","Los Angeles, CA, United States",,Clear
"Los Angeles,CA,USA",04/07/2021,55.9,72.7,62.8,50.0,64.3,,14.1,,181.76,,0.0,0.0,0.0,9.6,4.3,1017.1,,34.0536,-118.245,"Los Angeles, CA, United States","Los Angeles, CA, United States",,Clear
"Los Angeles,CA,USA",04/08/2021,56.2,71.4,62.5,49.8,64.75,,16.6,,149.46,,0.0,0.0,0.0,9.7,7.4,1015.4,Smoke Or Haze,34.0536,-118.245,"Los Angeles, CA, United States","Los Angeles, CA, United States",,Clear
"Los Angeles,CA,USA",04/09/2021,55.1,73.4,63.4,51.0,65.51,,12.6,,153.17,,0.0,0.0,0.0,9.2,5.0,1014.0,Smoke Or Haze,34.0536,-118.245,"Los Angeles, CA, United States","Los Angeles, CA, United States",,Clear
"Los Angeles,CA,USA",04/10/2021,55.0,74.0,63.3,49.6,62.33,,7.4,,181.5,,0.0,0.0,0.0,9.3,6.4,1011.5,,34.0536,-118.245,"Los Angeles, CA, United States","Los Angeles, CA, United States",,Clear
"Los Angeles,CA,USA",04/11/2021,57.5,72.6,62.7,52.4,69.96,,6.3,,215.33,,0.0,0.0,0.0,8.4,50.6,1008.4,Smoke Or Haze,34.0536,-118.245,"Los Angeles, CA, United States","Los Angeles, CA, United States",,Partially cloudy
"Los Angeles,CA,USA",04/12/2021,57.7,66.7,61.5,50.6,67.89,,12.7,,187.88,,0.0,0.0,0.0,9.2,98.8,1009.8,,34.0536,-118.245,"Los Angeles, CA, United States","Los Angeles, CA, United States",,Overcast
"Los Angeles,CA,USA",04/13/2021,57.6,61.9,59.6,50.4,71.66,,6.6,,269.67,,0.0,0.0,0.0,9.4,99.9,1012.2,,34.0536,-118.245,"Los Angeles, CA, United States","Los Angeles, CA, United States",,Overcast
"Los Angeles,CA,USA",04/14/2021,53.9,63.7,58.5,45.8,63.3,,11.4,21.9,252.67,,0.0,0.0,0.0,9.9,59.6,1014.7,,34.0536,-118.245,"Los Angeles, CA, United States","Los Angeles, CA, United States",,Partially cloudy
"Los Angeles,CA,USA",04/15/2021,50.9,66.2,58.3,46.2,64.95,,6.9,20.8,163.33,,0.0,0.0,0.0,9.8,33.5,1015.8,Smoke Or Haze,34.0536,-118.245,"Los Angeles, CA, United States","Los Angeles, CA, United States",,Partially cloudy
"Los Angeles,CA,USA",04/16/2021,55.7,68.7,60.9,49.1,66.17,,10.7,,220.25,,0.0,0.0,0.0,8.8,41.3,1013.7,Smoke Or Haze,34.0536,-118.245,"Los Angeles, CA, United States","Los Angeles, CA, United States",,Partially cloudy
"Los Angeles,CA,USA",04/17/2021,54.9,69.6,61.6,50.1,66.86,,6.2,18.3,190.04,,0.0,0.0,0.0,9.5,25.2,1014.0,Light Rain,34.0536,-118.245,"Los Angeles, CA, United States","Los Angeles, CA, United States",,Partially cloudy
"Los Angeles,CA,USA",04/18/2021,55.2,88.5,71.5,36.3,40.0,84.8,9.0,33.3,234.23,,0.0,0.0,0.0,9.6,0.1,1014.9,,34.0536,-118.245,"Los Angeles, CA, United States","Los Angeles, CA, United States",,Clear
"Los Angeles,CA,USA",04/19/2021,58.9,82.9,68.6,46.0,49.26,80.4,8.2,,233.29,,0.0,0.0,0.0,9.8,0.3,1014.7,,34.0536,-118.245,"Los Angeles, CA, United States","Los Angeles, CA, United States",,Clear
"Los Angeles,CA,USA",04/20/2021,56.8,72.3,62.9,50.9,66.22,,7.5,18.3,163.95,,0.0,0.0,0.0,8.9,29.2,1012.6,"Mist, Smoke Or Haze",34.0536,-118.245,"Los Angeles, CA, United States","Los Angeles, CA, United States",,Partially cloudy
"Los Angeles,CA,USA",04/21/2021,57.7,64.5,60.8,47.7,62.08,,9.9,18.3,206.88,,0.0,0.0,0.0,9.9,94.8,1012.0,,34.0536,-118.245,"Los Angeles, CA, United States","Los Angeles, CA, United States",,Overcast
"Los Angeles,CA,USA",04/22/2021,52.1,62.8,59.4,48.7,67.62,,9.5,,283.54,,0.0,0.0,0.0,9.7,99.7,1014.1,,34.0536,-118.245,"Los Angeles, CA, United States","Los Angeles, CA, United States",,Overcast
"Los Angeles,CA,USA",04/23/2021,57.6,64.6,60.2,49.5,68.07,,5.4,,303.54,,0.0,0.0,0.0,9.9,93.1,1016.4,,34.0536,-118.245,"Los Angeles, CA, United States","Los Angeles, CA, United States",,Overcast
"Los Angeles,CA,USA",04/24/2021,55.9,65.2,60.4,49.6,67.57,,13.6,18.3,285.08,,0.0,0.0,0.0,9.9,80.5,1015.8,,34.0536,-118.245,"Los Angeles, CA, United States","Los Angeles, CA, United States",,Overcast
"Los Angeles,CA,USA",04/25/2021,55.9,66.4,60.1,48.3,65.49,,13.1,20.8,248.67,,0.0,0.0,0.0,9.9,57.0,1012.7,,34.0536,-118.245,"Los Angeles, CA, United States","Los Angeles, CA, United States",,Partially cloudy
"Los Angeles,CA,USA",04/26/2021,55.0,63.9,58.9,45.7,62.35,,10.1,24.2,286.21,,0.0,0.0,0.0,9.9,49.7,1011.5,Light Rain,34.0536,-118.245,"Los Angeles, CA, United States","Los Angeles, CA, United States",,Partially cloudy
"Los Angeles,CA,USA",04/27/2021,55.8,64.8,59.9,44.6,57.59,,13.3,23.0,171.83,,0.0,4.17,0.0,9.9,41.6,1013.8,Smoke Or Haze,34.0536,-118.245,"Los Angeles, CA, United States","Los Angeles, CA, United States",,Partially cloudy
"Los Angeles,CA,USA",04/28/2021,53.1,78.6,67.2,44.1,47.45,,15.3,31.1,182.13,,0.0,0.0,0.0,9.9,0.5,1017.0,,34.0536,-118.245,"Los Angeles, CA, United States","Los Angeles, CA, United States",,Clear
"Los Angeles,CA,USA",04/29/2021,58.8,86.2,71.7,46.3,43.46,83.2,10.0,20.8,165.0,,0.0,0.0,0.0,9.9,0.6,1018.5,,34.0536,-118.245,"Los Angeles, CA, United States","Los Angeles, CA, United States",,Clear
"Los Angeles,CA,USA",04/30/2021,61.1,87.3,72.3,46.1,42.74,83.8,7.3,,212.13,,0.0,0.0,0.0,9.8,1.0,1016.4,,34.0536,-118.245,"Los Angeles, CA, United States","Los Angeles, CA, United States",,Clear
"Los Angeles,CA,USA",05/01/2021,58.8,74.8,65.1,54.3,69.33,,6.7,,222.46,,0.0,0.0,0.0,9.2,14.0,1013.5,Smoke Or Haze,34.0536,-118.245,"Los Angeles, CA, United States","Los Angeles, CA, United States",,Clear
"Los Angeles,CA,USA",05/02/2021,60.8,68.7,63.8,51.4,64.33,,5.6,,196.42,,0.0,0.0,0.0,9.9,61.5,1010.4,,34.0536,-118.245,"Los Angeles, CA, United States","Los Angeles, CA, United States",,Partially cloudy
"Los Angeles,CA,USA",05/03/2021,59.9,70.6,64.8,52.9,66.03,,6.8,23.0,213.22,,0.0,0.0,0.0,9.9,28.4,1010.5,Smoke Or Haze,34.0536,-118.245,"Los Angeles, CA, United States","Los Angeles, CA, United States",,Partially cloudy
"Los Angeles,CA,USA",05/04/2021,60.8,77.3,67.4,54.8,65.89,,7.4,,181.75,,0.0,0.0,0.0,8.9,24.7,1012.7,"Mist, Smoke Or Haze",34.0536,-118.245,"Los Angeles, CA, United States","Los Angeles, CA, United States",,Clear
"Los Angeles,CA,USA",05/05/2021,59.9,78.1,66.3,55.8,70.38,,7.6,,197.25,,0.0,0.0,0.0,7.3,31.3,1013.7,"Mist, Fog, Smoke Or Haze",34.0536,-118.245,"Los Angeles, CA, United States","Los Angeles, CA, United States",,Partially cloudy
"Los Angeles,CA,USA",05/06/2021,59.8,70.6,63.2,53.3,70.55,,6.9,,180.92,,0.0,0.0,0.0,8.0,70.0,1016.2,Smoke Or Haze,34.0536,-118.245,"Los Angeles, CA, United States","Los Angeles, CA, United States",,Partially cloudy
"Los Angeles,CA,USA",05/07/2021,59.8,68.8,62.6,52.0,68.58,,7.9,19.7,258.5,,0.0,0.0,0.0,9.9,68.4,1015.2,,34.0536,-118.245,"Los Angeles, CA, United States","Los Angeles, CA, United States",,Partially cloudy
"Los Angeles,CA,USA",05/08/2021,60.7,70.7,64.7,52.5,65.14,,7.6,18.3,194.26,,0.0,0.0,0.0,9.9,52.5,1013.2,,34.0536,-118.245,"Los Angeles, CA, United States","Los Angeles, CA, United States",,Partially cloudy
"Los Angeles,CA,USA",05/09/2021,60.1,69.8,64.4,54.0,69.54,,11.2,16.1,170.82,,0.0,0.0,0.0,9.7,70.3,1012.5,Smoke Or Haze,34.0536,-118.245,"Los Angeles, CA, United States","Los Angeles, CA, United States",,Partially cloudy
"Los Angeles,CA,USA",05/10/2021,60.9,67.6,63.9,54.4,71.48,,8.3,17.2,240.71,,0.0,0.0,0.0,9.9,82.4,1012.1,"Light Rain, Smoke Or Haze",34.0536,-118.245,"Los Angeles, CA, United States","Los Angeles, CA, United States",,Overcast
"Los Angeles,CA,USA",05/11/2021,61.0,70.7,64.6,54.7,70.76,,7.9,17.2,297.83,,0.0,0.0,0.0,9.5,66.3,1013.0,Smoke Or Haze,34.0536,-118.245,"Los Angeles, CA, United States","Los Angeles, CA, United States",,Partially cloudy
"Los Angeles,CA,USA",05/12/2021,61.6,71.2,64.2,54.7,71.66,,10.7,20.8,308.75,,0.0,0.0,0.0,9.6,74.5,1015.9,,34.0536,-118.245,"Los Angeles, CA, United States","Los Angeles, CA, United States",,Partially cloudy
"Los Angeles,CA,USA",05/13/2021,60.7,65.8,62.5,54.6,75.37,,6.8,,294.38,,0.0,0.0,0.0,9.6,98.3,1016.5,Mist,34.0536,-118.245,"Los Angeles, CA, United States","Los Angeles, CA, United States",,Overcast
"Los Angeles,CA,USA",05/14/2021,59.9,71.2,63.8,52.5,67.7,,14.4,18.3,270.54,,0.0,0.0,0.0,9.8,60.4,1014.7,,34.0536,-118.245,"Los Angeles, CA, United States","Los Angeles, CA, United States",,Partially cloudy
"Los Angeles,CA,USA",05/15/2021,60.9,68.8,63.7,51.1,64.06,,10.9,19.7,199.96,,0.0,0.0,0.0,9.9,95.3,1013.1,,34.0536,-118.245,"Los Angeles, CA, United States","Los Angeles, CA, United States",,Overcast
"Los Angeles,CA,USA",05/16/2021,57.6,64.5,61.0,51.7,71.71,,6.4,,270.79,,0.0,4.17,0.0,9.9,99.7,1014.9,"Mist, Light Drizzle",34.0536,-118.245,"Los Angeles, CA, United States","Los Angeles, CA, United States",,Overcast
"Los Angeles,CA,USA",05/17/2021,60.0,67.5,62.7,52.0,68.31,,6.6,19.7,285.33,,0.0,0.0,0.0,9.9,86.3,1016.3,,34.0536,-118.245,"Los Angeles, CA, United States","Los Angeles, CA, United States",,Overcast
"Los Angeles,CA,USA",05/18/2021,59.1,70.6,64.5,53.3,67.57,,12.7,19.7,266.83,,0.0,0.0,0.0,9.8,52.1,1014.3,,34.0536,-118.245,"Los Angeles, CA, United States","Los Angeles, CA, United States",,Partially cloudy
"Los Angeles,CA,USA",05/19/2021,60.8,72.4,64.9,52.6,65.64,,7.8,18.3,179.35,,0.0,0.0,0.0,9.7,33.7,1011.8,,34.0536,-118.245,"Los Angeles, CA, United States","Los Angeles, CA, United States",,Partially cloudy
"Los Angeles,CA,USA",05/20/2021,58.9,69.5,64.0,49.2,59.22,,17.1,19.7,237.92,,0.0,0.0,0.0,9.9,75.3,1011.2,,34.0536,-118.245,"Los Angeles, CA, United States","Los Angeles, CA, United States",,Overcast
"Los Angeles,CA,USA",05/21/2021,56.7,73.5,63.0,43.0,50.62,,12.9,28.8,240.17,,0.0,0.0,0.0,9.9,26.5,1013.3,,34.0536,-118.245,"Los Angeles, CA, United States","Los Angeles, CA, United States",,Partially cloudy
"Los Angeles,CA,USA",05/22/2021,53.8,69.2,60.5,45.4,58.43,,10.6,20.8,195.78,,0.0,0.0,0.0,9.9,36.2,1017.5,,34.0536,-118.245,"Los Angeles, CA, United States","Los Angeles, CA, United States",,Partially cloudy
"Los Angeles,CA,USA",05/23/2021,54.9,69.4,62.4,47.4,59.22,,7.7,19.7,177.17,,0.0,0.0,0.0,9.9,0.6,1018.2,,34.0536,-118.245,"Los Angeles, CA, United States","Los Angeles, CA, United States",,Clear
"Los Angeles,CA,USA",05/24/2021,56.0,81.9,70.1,47.5,48.2,80.5,11.1,,203.68,,0.0,0.0,0.0,9.8,0.7,1014.8,,34.0536,-118.245,"Los Angeles, CA, United States","Los Angeles, CA, United States",,Clear
"Los Angeles,CA,USA",05/25/2021,61.9,81.6,72.3,52.9,52.69,81.2,6.7,17.2,178.13,,0.0,0.0,0.0,9.9,2.0,1013.4,,34.0536,-118.245,"Los Angeles, CA, United States","Los Angeles, CA, United States",,Clear
"Los Angeles,CA,USA",05/26/2021,62.7,77.3,68.3,55.7,65.09,,13.8,,195.87,,0.0,0.0,0.0,9.5,18.5,1015.4,"Mist, Light Drizzle",34.0536,-118.245,"Los Angeles, CA, United States","Los Angeles, CA, United States",,Clear
"Los Angeles,CA,USA",05/27/2021,60.0,72.2,65.4,52.5,63.63,,11.8,19.7,194.63,,0.0,0.0,0.0,9.9,48.2,1017.0,Light Rain,34.0536,-118.245,"Los Angeles, CA, United States","Los Angeles, CA, United States",,Partially cloudy
"Los Angeles,CA,USA",05/28/2021,58.8,71.5,64.5,53.4,68.14,,10.5,19.7,197.33,,0.0,0.0,0.0,8.9,27.9,1014.6,"Mist, Smoke Or Haze",34.0536,-118.245,"Los Angeles, CA, United States","Los Angeles, CA, United States",,Partially cloudy
"Los Angeles,CA,USA",05/29/2021,60.0,69.6,63.2,53.3,70.59,,12.5,16.1,207.83,,0.0,0.0,0.0,9.9,69.4,1012.8,,34.0536,-118.245,"Los Angeles, CA, United States","Los Angeles, CA, United States",,Partially cloudy
"Los Angeles,CA,USA",05/30/2021,60.7,72.2,64.7,54.0,68.52,,10.9,,245.55,,0.0,0.0,0.0,9.8,70.1,1011.8,,34.0536,-118.245,"Los Angeles, CA, United States","Los Angeles, CA, United States",,Partially cloudy
"Los Angeles,CA,USA",05/31/2021,57.1,72.6,65.1,55.1,70.65,,7.2,,176.38,,0.0,0.0,0.0,9.6,61.5,1013.8,,34.0536,-118.245,"Los Angeles, CA, United States","Los Angeles, CA, United States",,Partially cloudy
"Los Angeles,CA,USA",06/01/2021,60.9,73.3,65.4,56.1,72.8,,13.3,20.8,267.75,,0.0,0.0,0.0,8.1,61.2,1014.4,"Mist, Smoke Or Haze",34.0536,-118.245,"Los Angeles, CA, United States","Los Angeles, CA, United States",,Partially cloudy
"Los Angeles,CA,USA",06/02/2021,59.8,72.1,64.5,56.1,74.94,,13.0,19.7,295.75,,0.0,0.0,0.0,7.9,62.7,1012.2,"Mist, Fog, Smoke Or Haze",34.0536,-118.245,"Los Angeles, CA, United States","Los Angeles, CA, United States",,Partially cloudy
"Los Angeles,CA,USA",06/03/2021,61.6,74.3,67.0,56.0,68.89,,8.7,18.3,166.33,,0.0,0.0,0.0,8.9,58.0,1011.8,Mist,34.0536,-118.245,"Los Angeles, CA, United States","Los Angeles, CA, United States",,Partially cloudy
"Los Angeles,CA,USA",06/04/2021,60.9,76.2,67.5,55.6,66.5,,8.1,,198.65,,0.0,0.0,0.0,9.6,14.1,1013.6,,34.0536,-118.245,"Los Angeles, CA, United States","Los Angeles, CA, United States",,Clear
"Los Angeles,CA,USA",06/05/2021,61.8,75.0,66.8,54.8,66.32,,8.5,17.2,164.42,,0.0,0.0,0.0,9.9,52.9,1013.7,,34.0536,-118.245,"Los Angeles, CA, United States","Los Angeles, CA, United States",,Partially cloudy
"Los Angeles,CA,USA",06/06/2021,61.9,72.6,66.0,53.1,64.09,,12.5,18.3,222.42,,0.0,0.0,0.0,9.8,61.2,1012.4,,34.0536,-118.245,"Los Angeles, CA, United States","Los Angeles, CA, United States",,Partially cloudy
"Los Angeles,CA,USA",06/07/2021,61.8,69.3,64.1,52.6,66.51,,7.4,20.8,148.88,,0.0,0.0,0.0,9.7,98.7,1012.9,,34.0536,-118.245,"Los Angeles, CA, United States","Los Angeles, CA, United States",,Overcast
"Los Angeles,CA,USA",06/08/2021,61.8,71.7,66.1,50.1,56.75,,12.2,20.8,246.38,,0.0,0.0,0.0,9.9,47.4,1015.8,,34.0536,-118.245,"Los Angeles, CA, United States","Los Angeles, CA, United States",,Partially cloudy
"Los Angeles,CA,USA",06/09/2021,60.9,73.9,66.6,49.8,56.71,,17.8,25.3,239.96,,0.0,0.0,0.0,9.9,1.3,1017.6,,34.0536,-118.245,"Los Angeles, CA, United States","Los Angeles, CA, United States",,Clear
"Los Angeles,CA,USA",06/10/2021,58.7,73.8,67.1,47.1,50.57,,18.2,26.4,161.88,,0.0,0.0,0.0,9.9,0.2,1017.3,,34.0536,-118.245,"Los Angeles, CA, United States","Los Angeles, CA, United States",,Clear
"Los Angeles,CA,USA",06/11/2021,59.0,79.0,68.9,50.2,53.87,,9.9,,149.25,,0.0,0.0,0.0,9.8,0.2,1013.1,,34.0536,-118.245,"Los Angeles, CA, United States","Los Angeles, CA, United States",,Clear
"Los Angeles,CA,USA",06/12/2021,60.9,80.4,70.9,52.2,54.44,80.2,7.9,17.2,161.22,,0.0,0.0,0.0,9.9,0.4,1010.6,,34.0536,-118.245,"Los Angeles, CA, United States","Los Angeles, CA, United States",,Clear
"Los Angeles,CA,USA",06/13/2021,61.9,81.2,70.1,56.3,64.08,80.8,6.9,,257.79,,0.0,0.0,0.0,9.5,16.3,1011.6,"Mist, Smoke Or Haze",34.0536,-118.245,"Los Angeles, CA, United States","Los Angeles, CA, United States",,Clear
"Los Angeles,CA,USA",06/14/2021,62.9,83.2,73.1,56.8,58.44,83.2,9.9,,220.09,,0.0,0.0,0.0,9.9,0.8,1011.8,,34.0536,-118.245,"Los Angeles, CA, United States","Los Angeles, CA, United States",,Clear
"Los Angeles,CA,USA",06/15/2021,65.8,89.3,76.4,58.0,54.89,88.5,6.5,,197.0,,0.0,0.0,0.0,9.9,2.0,1009.9,,34.0536,-118.245,"Los Angeles, CA, United States","Los Angeles, CA, United States",,Clear
"Los Angeles,CA,USA",06/16/2021,67.7,86.2,75.6,59.9,59.94,85.7,6.0,,139.58,,0.0,0.0,0.0,9.9,1.9,1009.7,,34.0536,-118.245,"Los Angeles, CA, United States","Los Angeles, CA, United States",,Clear
"Los Angeles,CA,USA",06/17/2021,66.4,83.1,72.4,60.9,68.11,83.8,10.8,,181.04,,0.02,4.17,0.0,9.4,3.1,1008.6,"Mist, Smoke Or Haze",34.0536,-118.245,"Los Angeles, CA, United States","Los Angeles, CA, United States",,Rain
"Los Angeles,CA,USA",06/18/2021,66.3,80.0,70.4,60.5,71.55,81.0,12.8,,182.08,,0.0,0.0,0.0,7.9,44.9,1008.3,"Mist, Smoke Or Haze",34.0536,-118.245,"Los Angeles, CA, United States","Los Angeles, CA, United States",,Partially cloudy
"Los Angeles,CA,USA",06/19/2021,64.1,76.3,69.3,60.0,72.93,,6.7,,253.42,,0.0,0.0,0.0,8.5,56.7,1008.5,"Mist, Smoke Or Haze",34.0536,-118.245,"Los Angeles, CA, United States","Los Angeles, CA, United States",,Partially cloudy
"Los Angeles,CA,USA",06/20/2021,62.7,76.1,67.6,58.7,73.95,,6.7,,293.29,,0.0,0.0,0.0,8.4,44.4,1010.8,"Mist, Smoke Or Haze",34.0536,-118.245,"Los Angeles, CA, United States","Los Angeles, CA, United States",,Partially cloudy
"Los Angeles,CA,USA",06/21/2021,63.9,79.0,68.9,58.1,69.56,,10.9,,311.75,,0.0,0.0,0.0,8.9,32.5,1013.8,"Mist, Smoke Or Haze",34.0536,-118.245,"Los Angeles, CA, United States","Los Angeles, CA, United States",,Partially cloudy
"Los Angeles,CA,USA",06/22/2021,61.8,74.6,68.2,57.1,68.64,,12.2,19.7,296.08,,0.0,0.0,0.0,9.9,27.8,1012.8,,34.0536,-118.245,"Los Angeles, CA, United States","Los Angeles, CA, United States",,Partially cloudy
"Los Angeles,CA,USA",06/23/2021,62.8,78.2,69.1,57.5,67.62,,12.2,20.8,234.63,,0.0,0.0,0.0,9.9,11.7,1013.0,,34.0536,-118.245,"Los Angeles, CA, United States","Los Angeles, CA, United States",,Clear
"Los Angeles,CA,USA",06/24/2021,61.9,72.8,66.8,56.4,70.07,,10.8,19.7,290.42,,0.0,0.0,0.0,9.9,27.0,1015.3,,34.0536,-118.245,"Los Angeles, CA, United States","Los Angeles, CA, United States",,Partially cloudy
"Los Angeles,CA,USA",06/25/2021,61.9,75.4,69.1,56.2,64.79,,10.4,20.8,237.04,,0.0,0.0,0.0,9.7,2.7,1012.9,,34.0536,-118.245,"Los Angeles, CA, United States","Los Angeles, CA, United States",,Clear
"Los Angeles,CA,USA",06/26/2021,62.7,78.9,70.3,58.3,66.91,,5.8,19.7,252.21,,0.0,0.0,0.0,9.7,3.0,1009.3,Mist,34.0536,-118.245,"Los Angeles, CA, United States","Los Angeles, CA, United States",,Clear
"Los Angeles,CA,USA",06/27/2021,64.8,79.5,71.6,60.3,68.58,,10.5,,251.38,,0.0,0.0,0.0,9.6,2.6,1005.9,"Mist, Smoke Or Haze",34.0536,-118.245,"Los Angeles, CA, United States","Los Angeles, CA, United States",,Clear
"Los Angeles,CA,USA",06/28/2021,66.5,78.3,72.1,61.4,69.83,,9.0,18.3,188.78,,0.0,0.0,0.0,8.5,27.0,1005.6,"Mist, Smoke Or Haze",34.0536,-118.245,"Los Angeles, CA, United States","Los Angeles, CA, United States",,Partially cloudy
"Los Angeles,CA,USA",06/29/2021,66.6,79.3,71.5,61.0,70.03,,5.3,,114.79,,0.0,0.0,0.0,9.7,46.7,1008.8,,34.0536,-118.245,"Los Angeles, CA, United States","Los Angeles, CA, United States",,Partially cloudy
"Los Angeles,CA,USA",06/30/2021,65.7,79.4,71.1,60.6,70.45,,12.4,,150.13,,0.0,0.0,0.0,9.8,41.5,1011.8,,34.0536,-118.245,"Los Angeles, CA, United States","Los Angeles, CA, United States",,Partially cloudy
"Los Angeles,CA,USA",07/01/2021,66.7,80.5,72.2,60.8,68.51,81.5,16.5,,252.83,,0.0,0.0,0.0,9.0,42.3,1012.0,"Mist, Smoke Or Haze",34.0536,-118.245,"Los Angeles, CA, United States","Los Angeles, CA, United States",,Partially cloudy
"Los Angeles,CA,USA",07/02/2021,64.0,81.1,70.0,60.5,73.08,82.1,7.6,,264.63,,0.0,0.0,0.0,8.5,29.7,1012.1,"Mist, Smoke Or Haze",34.0536,-118.245,"Los Angeles, CA, United States","Los Angeles, CA, United States",,Partially cloudy
"Los Angeles,CA,USA",07/03/2021,64.0,80.1,70.6,60.1,70.55,81.2,11.9,19.7,275.67,,0.0,0.0,0.0,9.1,14.5,1012.5,"Mist, Smoke Or Haze",34.0536,-118.245,"Los Angeles, CA, United States","Los Angeles, CA, United States",,Clear
"Los Angeles,CA,USA",07/04/2021,64.1,79.1,70.0,59.5,70.39,,12.0,19.7,220.13,,0.0,0.0,0.0,8.3,39.5,1013.9,Smoke Or Haze,34.0536,-118.245,"Los Angeles, CA, United States","Los Angeles, CA, United States",,Partially cloudy
"Los Angeles,CA,USA",07/05/2021,62.0,79.0,68.4,57.7,69.77,,6.3,18.3,259.0,,0.0,0.0,0.0,8.1,43.6,1014.2,Smoke Or Haze,34.0536,-118.245,"Los Angeles, CA, United States","Los Angeles, CA, United States",,Partially cloudy
"Los Angeles,CA,USA",07/06/2021,63.9,79.4,70.3,58.8,68.07,,8.4,18.3,239.26,,0.0,0.0,0.0,9.5,37.8,1012.9,Smoke Or Haze,34.0536,-118.245,"Los Angeles, CA, United States","Los Angeles, CA, United States",,Partially cloudy
"Los Angeles,CA,USA",07/07/2021,64.9,78.4,71.3,60.0,68.45,,11.1,,218.04,,0.0,0.0,0.0,9.3,15.3,1009.9,Smoke Or Haze,34.0536,-118.245,"Los Angeles, CA, United States","Los Angeles, CA, United States",,Clear
"Los Angeles,CA,USA",07/08/2021,67.7,80.4,73.8,61.5,66.15,81.8,6.5,18.3,185.04,,0.0,0.0,0.0,9.9,2.2,1009.7,,34.0536,-118.245,"Los Angeles, CA, United States","Los Angeles, CA, United States",,Clear
"Los Angeles,CA,USA",07/09/2021,68.9,83.4,75.7,62.4,64.85,84.9,7.4,,260.0,,0.0,0.0,0.0,9.8,2.4,1012.0,Smoke Or Haze,34.0536,-118.245,"Los Angeles, CA, United States","Los Angeles, CA, United States",,Clear
"Los Angeles,CA,USA",07/10/2021,69.0,83.3,74.7,61.6,65.57,84.0,8.4,,230.04,,0.0,0.0,0.0,9.2,3.7,1012.6,Mist,34.0536,-118.245,"Los Angeles, CA, United States","Los Angeles, CA, United States",,Clear
"Los Angeles,CA,USA",07/11/2021,67.8,83.0,74.8,62.1,65.71,83.7,11.2,,199.63,,0.0,0.0,0.0,9.7,1.8,1011.7,"Mist, Smoke Or Haze",34.0536,-118.245,"Los Angeles, CA, United States","Los Angeles, CA, United States",,Clear
"Los Angeles,CA,USA",07/12/2021,68.9,81.4,73.6,62.7,69.41,82.6,10.2,,197.25,,0.0,0.0,0.0,9.2,24.8,1011.4,,34.0536,-118.245,"Los Angeles, CA, United States","Los Angeles, CA, United States",,Clear
"Los Angeles,CA,USA",07/13/2021,69.0,81.6,72.9,63.6,73.33,83.1,11.7,,233.42,,0.08,4.17,0.0,8.7,25.8,1012.2,"Mist, Light Rain, Smoke Or Haze",34.0536,-118.245,"Los Angeles, CA, United States","Los Angeles, CA, United States",,"Rain, Partially cloudy"
"Los Angeles,CA,USA",07/14/2021,66.9,83.3,74.4,63.0,69.13,84.3,6.7,17.2,201.48,,0.0,0.0,0.0,8.8,28.2,1013.8,"Mist, Smoke Or Haze",34.0536,-118.245,"Los Angeles, CA, United States","Los Angeles, CA, United States",,Partially cloudy
"Los Angeles,CA,USA",07/15/2021,67.8,82.6,74.1,62.4,68.08,83.6,7.6,16.1,237.25,,0.0,0.0,0.0,9.9,35.2,1014.3,,34.0536,-118.245,"Los Angeles, CA, United States","Los Angeles, CA, United States",,Partially cloudy
"Los Angeles,CA,USA",07/16/2021,66.7,80.3,72.7,61.0,67.67,81.2,11.7,,266.13,,0.0,0.0,0.0,9.4,35.2,1013.0,Smoke Or Haze,34.0536,-118.245,"Los Angeles, CA, United States","Los Angeles, CA, United States",,Partially cloudy
"Los Angeles,CA,USA",07/17/2021,65.9,82.9,72.8,61.4,68.8,83.9,11.5,,201.57,,0.0,0.0,0.0,9.7,4.4,1013.1,Mist,34.0536,-118.245,"Los Angeles, CA, United States","Los Angeles, CA, United States",,Clear
"Los Angeles,CA,USA",07/18/2021,66.8,86.2,75.2,59.8,61.39,86.3,8.5,,255.35,,0.0,0.0,0.0,9.9,2.4,1014.3,,34.0536,-118.245,"Los Angeles, CA, United States","Los Angeles, CA, United States",,Clear
"Los Angeles,CA,USA",07/19/2021,69.1,86.2,76.2,60.5,60.19,86.6,13.3,,266.22,,0.0,0.0,0.0,9.9,1.4,1015.5,,34.0536,-118.245,"Los Angeles, CA, United States","Los Angeles, CA, United States",,Clear
"Los Angeles,CA,USA",07/20/2021,67.9,83.9,75.1,60.2,62.16,84.5,12.5,18.3,279.88,,0.0,0.0,0.0,9.7,2.9,1014.0,,34.0536,-118.245,"Los Angeles, CA, United States","Los Angeles, CA, United States",,Clear
"Los Angeles,CA,USA",07/21/2021,67.8,88.2,75.7,60.9,61.89,88.5,11.9,18.3,293.04,,0.0,0.0,0.0,9.7,1.6,1010.8,,34.0536,-118.245,"Los Angeles, CA, United States","Los Angeles, CA, United States",,Clear
"Los Angeles,CA,USA",07/22/2021,69.8,85.3,75.9,62.3,63.77,85.1,5.5,,143.96,,0.0,0.0,0.0,9.5,5.5,1013.0,,34.0536,-118.245,"Los Angeles, CA, United States","Los Angeles, CA, United States",,Clear
"Los Angeles,CA,USA",07/23/2021,66.9,82.3,73.8,62.6,68.86,83.7,11.9,,186.71,,0.0,0.0,0.0,8.7,29.1,1015.9,"Mist, Smoke Or Haze",34.0536,-118.245,"Los Angeles, CA, United States","Los Angeles, CA, United States",,Partially cloudy
"Los Angeles,CA,USA",07/24/2021,67.7,79.5,72.1,61.6,70.32,,6.2,23.0,275.25,,0.0,0.0,0.0,8.3,48.4,1015.3,"Mist, Smoke Or Haze",34.0536,-118.245,"Los Angeles, CA, United States","Los Angeles, CA, United States",,Partially cloudy
"Los Angeles,CA,USA",07/25/2021,66.7,79.4,71.6,61.3,70.8,,6.8,,267.46,,0.0,0.0,0.0,9.2,24.5,1013.9,Mist,34.0536,-118.245,"Los Angeles, CA, United States","Los Angeles, CA, United States",,Clear
"Los Angeles,CA,USA",07/26/2021,66.4,75.4,69.8,62.4,77.61,,10.6,,237.39,,0.14,16.67,0.0,8.7,36.3,1013.5,"Mist, Rain, Light Rain, Smoke Or Haze",34.0536,-118.245,"Los Angeles, CA, United States","Los Angeles, CA, United States",,"Rain, Partially cloudy"
"Los Angeles,CA,USA",07/27/2021,65.7,77.6,70.3,61.5,74.4,,9.3,18.3,288.58,,0.0,0.0,0.0,8.7,46.1,1014.7,"Mist, Smoke Or Haze",34.0536,-118.245,"Los Angeles, CA, United States","Los Angeles, CA, United States",,Partially cloudy
"Los Angeles,CA,USA",07/28/2021,65.0,80.4,72.4,60.6,68.24,81.3,12.7,24.1,272.96,,0.0,0.0,0.0,9.5,5.2,1015.0,Mist,34.0536,-118.245,"Los Angeles, CA, United States","Los Angeles, CA, United States",,Clear
"Los Angeles,CA,USA",07/29/2021,65.0,79.9,71.6,60.0,68.55,,9.8,,282.26,,0.0,0.0,0.0,9.8,2.4,1012.4,"Mist, Fog, Smoke Or Haze",34.0536,-118.245,"Los Angeles, CA, United States","Los Angeles, CA, United States",,Clear
"Los Angeles,CA,USA",07/30/2021,64.0,79.5,70.1,59.7,71.1,,9.1,20.8,285.92,,0.0,0.0,0.0,8.9,6.1,1013.1,"Mist, Smoke Or Haze",34.0536,-118.245,"Los Angeles, CA, United States","Los Angeles, CA, United States",,Clear
"Los Angeles,CA,USA",07/31/2021,64.0,77.7,69.8,59.2,70.17,,7.1,,286.38,,0.0,0.0,0.0,8.6,7.7,1015.5,"Mist, Fog, Smoke Or Haze",34.0536,-118.245,"Los Angeles, CA, United States","Los Angeles, CA, United States",,Clear
"Los Angeles,CA,USA",08/01/2021,64.2,83.7,73.2,58.1,61.62,84.0,14.2,18.3,222.21,,0.0,0.0,0.0,9.0,0.8,1016.1,,34.0536,-118.245,"Los Angeles, CA, United States","Los Angeles, CA, United States",,Clear
"Los Angeles,CA,USA",08/02/2021,64.3,90.0,75.0,56.7,55.96,87.8,12.4,,218.25,,0.0,0.0,0.0,8.7,0.3,1015.3,Smoke Or Haze,34.0536,-118.245,"Los Angeles, CA, United States","Los Angeles, CA, United States",,Clear
"Los Angeles,CA,USA",08/03/2021,65.0,86.9,73.8,57.8,59.57,85.7,7.9,,283.38,,0.0,0.0,0.0,8.4,0.8,1013.1,Smoke Or Haze,34.0536,-118.245,"Los Angeles, CA, United States","Los Angeles, CA, United States",,Clear
"Los Angeles,CA,USA",08/04/2021,65.8,82.3,73.2,59.6,64.0,82.9,10.4,,254.96,,0.0,0.0,0.0,7.1,0.7,1011.3,Smoke Or Haze,34.0536,-118.245,"Los Angeles, CA, United States","Los Angeles, CA, United States",,Clear
"Los Angeles,CA,USA",08/05/2021,66.7,83.0,74.5,59.5,60.84,83.7,8.3,,245.65,,0.0,0.0,0.0,7.0,0.7,1011.8,"Mist, Smoke Or Haze",34.0536,-118.245,"Los Angeles, CA, United States","Los Angeles, CA, United States",,Clear
"Los Angeles,CA,USA",08/06/2021,66.7,81.0,72.8,61.3,68.29,82.0,4.2,,170.71,,0.0,0.0,0.0,6.0,28.4,1012.6,"Mist, Smoke Or Haze",34.0536,-118.245,"Los Angeles, CA, United States","Los Angeles, CA, United States",,Partially cloudy
"Los Angeles,CA,USA",08/07/2021,66.6,80.0,71.7,60.5,68.97,81.0,8.4,,175.58,,0.0,0.0,0.0,6.1,52.3,1012.5,"Mist, Smoke Or Haze",34.0536,-118.245,"Los Angeles, CA, United States","Los Angeles, CA, United States",,Partially cloudy
"Los Angeles,CA,USA",08/08/2021,66.6,79.6,71.8,60.4,68.56,,9.8,16.1,257.96,,0.0,0.0,0.0,5.3,54.6,1012.0,Smoke Or Haze,34.0536,-118.245,"Los Angeles, CA, United States","Los Angeles, CA, United States",,Partially cloudy
"Los Angeles,CA,USA",08/09/2021,65.8,82.3,72.6,60.6,67.32,83.0,11.3,20.8,218.74,,0.0,0.0,0.0,5.9,16.8,1012.2,"Mist, Smoke Or Haze",34.0536,-118.245,"Los Angeles, CA, United States","Los Angeles, CA, United States",,Clear
"Los Angeles,CA,USA",08/10/2021,64.1,82.8,72.3,60.0,67.66,83.1,11.0,,249.46,,0.0,0.0,0.0,6.3,23.7,1012.5,"Mist, Smoke Or Haze",34.0536,-118.245,"Los Angeles, CA, United States","Los Angeles, CA, United States",,Clear
"Los Angeles,CA,USA",08/11/2021,66.7,86.1,74.6,59.2,60.71,84.8,11.0,,282.13,,0.0,0.0,0.0,7.5,4.1,1013.3,Smoke Or Haze,34.0536,-118.245,"Los Angeles, CA, United States","Los Angeles, CA, United States",,Clear
"Los Angeles,CA,USA",08/12/2021,69.8,90.1,78.2,58.3,53.38,89.3,9.6,,239.63,,0.0,0.0,0.0,7.1,1.2,1013.8,"Fog, Smoke Or Haze",34.0536,-118.245,"Los Angeles, CA, United States","Los Angeles, CA, United States",,Clear
"Los Angeles,CA,USA",08/13/2021,68.4,87.1,76.1,59.2,57.92,86.5,4.6,16.1,180.63,,0.0,0.0,0.0,6.9,0.9,1016.4,Smoke Or Haze,34.0536,-118.245,"Los Angeles, CA, United States","Los Angeles, CA, United States",,Clear
"Los Angeles,CA,USA",08/14/2021,67.9,85.0,74.3,61.1,65.18,85.2,10.4,20.8,263.42,,0.0,0.0,0.0,6.4,2.9,1016.8,Smoke Or Haze,34.0536,-118.245,"Los Angeles, CA, United States","Los Angeles, CA, United States",,Clear
"Los Angeles,CA,USA",08/15/2021,66.8,88.2,75.2,59.8,61.07,87.3,11.5,18.3,268.63,,0.0,0.0,0.0,6.5,1.1,1012.9,Smoke Or Haze,34.0536,-118.245,"Los Angeles, CA, United States","Los Angeles, CA, United States",,Clear
"Los Angeles,CA,USA",08/16/2021,69.0,86.6,75.7,62.5,64.96,88.2,11.7,,208.67,,0.0,0.0,0.0,5.9,1.7,1009.3,Smoke Or Haze,34.0536,-118.245,"Los Angeles, CA, United States","Los Angeles, CA, United States",,Clear
"Los Angeles,CA,USA",08/17/2021,69.9,84.2,74.8,64.3,70.59,85.5,11.7,,165.79,,0.0,0.0,0.0,5.4,33.3,1010.0,Smoke Or Haze,34.0536,-118.245,"Los Angeles, CA, United States","Los Angeles, CA, United States",,Partially cloudy
"Los Angeles,CA,USA",08/18/2021,69.1,77.6,72.8,62.9,71.64,,5.4,,183.42,,0.0,8.33,0.0,8.2,99.1,1011.6,"Mist, Light Rain, Smoke Or Haze",34.0536,-118.245,"Los Angeles, CA, United States","Los Angeles, CA, United States",,Overcast
"Los Angeles,CA,USA",08/19/2021,66.8,78.6,72.1,60.5,68.08,,12.5,21.9,297.96,,0.0,0.0,0.0,9.8,42.6,1012.2,,34.0536,-118.245,"Los Angeles, CA, United States","Los Angeles, CA, United States",,Partially cloudy
"Los Angeles,CA,USA",08/20/2021,66.0,76.9,70.3,60.7,72.12,,6.8,,253.21,,0.0,0.0,0.0,9.9,50.6,1010.1,,34.0536,-118.245,"Los Angeles, CA, United States","Los Angeles, CA, United States",,Partially cloudy
"Los Angeles,CA,USA",08/21/2021,65.0,74.8,68.8,60.3,75.01,,5.6,,283.67,,0.0,0.0,0.0,9.6,67.9,1009.1,Mist,34.0536,-118.245,"Los Angeles, CA, United States","Los Angeles, CA, United States",,Partially cloudy
"Los Angeles,CA,USA",08/22/2021,64.4,74.1,68.4,58.6,71.45,,10.1,16.1,281.09,,0.0,0.0,0.0,9.9,57.4,1009.6,,34.0536,-118.245,"Los Angeles, CA, United States","Los Angeles, CA, United States",,Partially cloudy
"Los Angeles,CA,USA",08/23/2021,63.1,76.6,68.7,58.5,70.59,,7.1,19.7,238.54,,0.0,0.0,0.0,9.7,27.2,1010.9,,34.0536,-118.245,"Los Angeles, CA, United States","Los Angeles, CA, United States",,Partially cloudy
"Los Angeles,CA,USA",08/24/2021,62.2,76.8,68.8,58.8,71.87,,6.7,,304.29,,0.0,0.0,0.0,9.8,0.9,1012.7,,34.0536,-118.245,"Los Angeles, CA, United States","Los Angeles, CA, United States",,Clear
"Los Angeles,CA,USA",08/25/2021,63.1,81.5,70.9,59.8,69.75,82.0,5.7,18.3,265.5,,0.0,0.0,0.0,9.4,1.0,1013.0,,34.0536,-118.245,"Los Angeles, CA, United States","Los Angeles, CA, United States",,Clear
"Los Angeles,CA,USA",08/26/2021,65.3,88.9,74.3,57.4,58.78,87.8,9.2,,255.13,,0.0,0.0,0.0,8.8,0.3,1010.1,Smoke Or Haze,34.0536,-118.245,"Los Angeles, CA, United States","Los Angeles, CA, United States",,Clear
"Los Angeles,CA,USA",08/27/2021,62.4,84.4,72.3,58.5,63.91,84.8,6.7,,285.42,,0.0,0.0,0.0,9.3,1.1,1006.5,"Mist, Smoke Or Haze",34.0536,-118.245,"Los Angeles, CA, United States","Los Angeles, CA, United States",,Clear
"Los Angeles,CA,USA",08/28/2021,61.3,80.5,69.1,60.3,75.57,81.3,10.9,,254.5,,0.0,0.0,0.0,7.5,33.4,1007.5,"Mist, Fog, Smoke Or Haze",34.0536,-118.245,"Los Angeles, CA, United States","Los Angeles, CA, United States",,Partially cloudy
"Los Angeles,CA,USA",08/29/2021,61.3,77.7,68.5,59.7,75.28,,10.4,19.7,306.5,,0.0,0.0,0.0,7.8,30.6,1007.9,"Mist, Fog, Smoke Or Haze",34.0536,-118.245,"Los Angeles, CA, United States","Los Angeles, CA, United States",,Partially cloudy
"Los Angeles,CA,USA",08/30/2021,63.3,79.3,69.2,60.8,75.65,,11.4,18.3,260.13,,0.0,0.0,0.0,8.0,26.0,1007.9,"Mist, Smoke Or Haze",34.0536,-118.245,"Los Angeles, CA, United States","Los Angeles, CA, United States",,Partially cloudy
"Los Angeles,CA,USA",08/31/2021,65.1,74.4,68.2,60.0,75.37,,6.6,,193.21,,0.0,0.0,0.0,7.7,48.7,1008.2,"Light Rain, Smoke Or Haze",34.0536,-118.245,"Los Angeles, CA, United States","Los Angeles, CA, United States",,Partially cloudy
"Los Angeles,CA,USA",09/01/2021,66.1,75.5,70.0,60.2,71.55,,7.4,,159.13,,0.0,0.0,0.0,8.9,70.9,1010.3,Smoke Or Haze,34.0536,-118.245,"Los Angeles, CA, United States","Los Angeles, CA, United States",,Partially cloudy
"Los Angeles,CA,USA",09/02/2021,63.2,75.0,68.6,59.3,72.69,,7.4,,267.13,,0.0,0.0,0.0,9.5,65.9,1012.6,,34.0536,-118.245,"Los Angeles, CA, United States","Los Angeles, CA, United States",,Partially cloudy
"Los Angeles,CA,USA",09/03/2021,63.0,76.4,68.0,59.0,73.91,,8.3,17.2,219.39,,0.0,0.0,0.0,7.6,43.5,1012.4,"Mist, Smoke Or Haze",34.0536,-118.245,"Los Angeles, CA, United States","Los Angeles, CA, United States",,Partially cloudy
"Los Angeles,CA,USA",09/04/2021,61.2,86.6,73.0,55.3,57.88,85.4,8.6,,189.43,,0.0,0.0,0.0,9.2,0.0,1011.2,,34.0536,-118.245,"Los Angeles, CA, United States","Los Angeles, CA, United States",,Clear
"Los Angeles,CA,USA",09/05/2021,63.1,92.1,75.4,53.7,51.81,89.0,9.1,,269.33,,0.0,0.0,0.0,9.2,0.6,1010.4,"Mist, Smoke Or Haze",34.0536,-118.245,"Los Angeles, CA, United States","Los Angeles, CA, United States",,Clear
"Los Angeles,CA,USA",09/06/2021,68.2,85.7,74.3,63.2,69.61,85.8,9.8,,144.63,,0.0,0.0,0.0,8.7,26.1,1012.8,Smoke Or Haze,34.0536,-118.245,"Los Angeles, CA, United States","Los Angeles, CA, United States",,Partially cloudy
"Los Angeles,CA,USA",09/07/2021,68.2,83.4,73.6,63.6,71.86,84.8,7.7,,192.41,,0.0,0.0,0.0,9.1,2.6,1013.2,Smoke Or Haze,34.0536,-118.245,"Los Angeles, CA, United States","Los Angeles, CA, United States",,Clear
"Los Angeles,CA,USA",09/08/2021,65.1,81.8,70.6,62.8,77.79,82.3,11.0,,289.29,,0.0,0.0,0.0,6.9,33.3,1011.1,"Mist, Smoke Or Haze",34.0536,-118.245,"Los Angeles, CA, United States","Los Angeles, CA, United States",,Partially cloudy
"Los Angeles,CA,USA",09/09/2021,64.2,87.4,73.0,61.6,69.74,87.7,6.7,,244.42,,0.0,0.0,0.0,9.4,15.4,1010.6,"Mist, Fog",34.0536,-118.245,"Los Angeles, CA, United States","Los Angeles, CA, United States",,Clear
"Los Angeles,CA,USA",09/10/2021,65.2,82.3,72.5,60.5,67.99,82.7,12.0,,300.0,,0.01,8.33,0.0,9.7,11.6,1012.4,"Mist, Fog, Light Rain",34.0536,-118.245,"Los Angeles, CA, United States","Los Angeles, CA, United States",,Rain
"Los Angeles,CA,USA",09/11/2021,67.0,90.3,74.9,59.4,61.69,88.1,7.6,,274.79,,0.0,0.0,0.0,9.8,0.4,1013.0,,34.0536,-118.245,"Los Angeles, CA, United States","Los Angeles, CA, United States",,Clear
"Los Angeles,CA,USA",09/12/2021,63.2,82.2,70.9,58.7,67.31,82.7,15.6,,258.96,,0.0,0.0,0.0,9.4,0.7,1012.1,Mist,34.0536,-118.245,"Los Angeles, CA, United States","Los Angeles, CA, United States",,Clear
"Los Angeles,CA,USA",09/13/2021,59.2,78.4,66.7,56.7,73.04,,9.2,,304.26,,0.0,0.0,0.0,7.1,45.3,1011.2,"Mist, Fog, Smoke Or Haze",34.0536,-118.245,"Los Angeles, CA, United States","Los Angeles, CA, United States",,Partially cloudy
"Los Angeles,CA,USA",09/14/2021,58.1,77.8,66.2,56.8,73.89,,7.2,,181.96,,0.0,0.0,0.0,6.8,34.3,1012.5,"Mist, Smoke Or Haze",34.0536,-118.245,"Los Angeles, CA, United States","Los Angeles, CA, United States",,Partially cloudy
"Los Angeles,CA,USA",09/15/2021,61.2,77.2,66.3,56.6,72.91,,6.6,,216.92,,0.0,0.0,0.0,7.2,47.9,1012.5,"Mist, Smoke Or Haze",34.0536,-118.245,"Los Angeles, CA, United States","Los Angeles, CA, United States",,Partially cloudy
"Los Angeles,CA,USA",09/16/2021,61.1,72.7,65.2,55.8,72.45,,5.7,17.2,246.21,,0.0,0.0,0.0,8.2,55.4,1011.5,Smoke Or Haze,34.0536,-118.245,"Los Angeles, CA, United States","Los Angeles, CA, United States",,Partially cloudy
"Los Angeles,CA,USA",09/17/2021,60.3,74.7,65.7,55.7,71.13,,6.2,17.2,234.78,,0.0,0.0,0.0,8.5,41.9,1014.7,Smoke Or Haze,34.0536,-118.245,"Los Angeles, CA, United States","Los Angeles, CA, United States",,Partially cloudy
"Los Angeles,CA,USA",09/18/2021,59.3,73.0,64.8,55.2,72.05,,12.7,18.3,278.67,,0.0,0.0,0.0,9.9,22.4,1016.6,,34.0536,-118.245,"Los Angeles, CA, United States","Los Angeles, CA, United States",,Clear
"Los Angeles,CA,USA",09/19/2021,60.1,75.3,66.1,56.9,73.47,,5.5,,168.75,,0.0,0.0,0.0,8.9,22.3,1014.0,Smoke Or Haze,34.0536,-118.245,"Los Angeles, CA, United States","Los Angeles, CA, United States",,Clear
"Los Angeles,CA,USA",09/20/2021,62.1,83.4,70.3,58.9,69.35,82.4,6.5,,124.54,,0.0,0.0,0.0,8.8,1.8,1012.4,"Mist, Smoke Or Haze",34.0536,-118.245,"Los Angeles, CA, United States","Los Angeles, CA, United States",,Clear
"Los Angeles,CA,USA",09/21/2021,64.3,92.1,75.6,59.8,62.19,90.5,6.5,,168.21,,0.0,0.0,0.0,9.8,1.3,1016.5,,34.0536,-118.245,"Los Angeles, CA, United States","Los Angeles, CA, United States",,Clear
"Los Angeles,CA,USA",09/22/2021,66.9,86.3,75.2,57.4,56.73,84.6,15.5,,279.88,,0.0,0.0,0.0,9.9,12.3,1016.2,,34.0536,-118.245,"Los Angeles, CA, United States","Los Angeles, CA, United States",,Clear
"Los Angeles,CA,USA",09/23/2021,62.4,78.5,68.7,58.7,71.76,,5.4,,323.21,,0.0,0.0,0.0,9.6,3.0,1012.3,"Mist, Smoke Or Haze",34.0536,-118.245,"Los Angeles, CA, United States","Los Angeles, CA, United States",,Clear
"Los Angeles,CA,USA",09/24/2021,60.3,74.4,66.1,57.7,75.62,,7.4,,267.08,,0.0,0.0,0.0,8.0,29.3,1013.4,"Mist, Smoke Or Haze",34.0536,-118.245,"Los Angeles, CA, United States","Los Angeles, CA, United States",,Partially cloudy
"Los Angeles,CA,USA",09/25/2021,61.2,73.5,66.2,58.5,77.07,,8.8,,292.88,,0.0,0.0,0.0,8.9,21.4,1014.7,Mist,34.0536,-118.245,"Los Angeles, CA, United States","Los Angeles, CA, United States",,Clear
"Los Angeles,CA,USA",09/26/2021,63.0,67.9,64.5,57.5,78.36,,8.1,,275.67,,0.0,0.0,0.0,9.5,98.8,1016.3,,34.0536,-118.245,"Los Angeles, CA, United States","Los Angeles, CA, United States",,Overcast
"Los Angeles,CA,USA",09/27/2021,63.1,67.9,64.8,57.5,77.12,,4.7,,240.61,,0.0,0.0,0.0,9.4,99.9,1016.0,Mist,34.0536,-118.245,"Los Angeles, CA, United States","Los Angeles, CA, United States",,Overcast
"Los Angeles,CA,USA",09/28/2021,63.0,71.0,66.0,57.4,74.29,,7.5,,226.17,,0.0,0.0,0.0,9.9,79.6,1013.0,,34.0536,-118.245,"Los Angeles, CA, United States","Los Angeles, CA, United States",,Overcast
"Los Angeles,CA,USA",09/29/2021,59.3,73.1,66.0,56.7,72.96,,7.9,19.7,223.09,,0.0,0.0,0.0,9.6,5.8,1012.2,,34.0536,-118.245,"Los Angeles, CA, United States","Los Angeles, CA, United States",,Clear
"Los Angeles,CA,USA",09/30/2021,58.1,84.6,70.7,51.9,57.8,81.8,7.4,18.3,163.32,,0.0,0.0,0.0,9.8,0.8,1012.5,,34.0536,-118.245,"Los Angeles, CA, United States","Los Angeles, CA, United States",,Clear
"Los Angeles,CA,USA",10/01/2021,60.3,88.7,72.1,46.4,45.55,85.0,6.5,,153.92,,0.0,0.0,0.0,9.8,0.9,1013.3,Smoke Or Haze,34.0536,-118.245,"Los Angeles, CA, United States","Los Angeles, CA, United States",,Clear
"Los Angeles,CA,USA",10/02/2021,58.0,89.3,73.5,48.1,49.42,85.5,11.4,,255.96,,0.0,0.0,0.0,9.7,1.8,1013.6,Fog,34.0536,-118.245,"Los Angeles, CA, United States","Los Angeles, CA, United States",,Clear
"Los Angeles,CA,USA",10/03/2021,61.2,91.8,75.2,45.7,39.63,87.6,10.1,,150.91,,0.0,0.0,0.0,9.9,0.9,1012.4,,34.0536,-118.245,"Los Angeles, CA, United States","Los Angeles, CA, United States",,Clear
"Los Angeles,CA,USA",10/04/2021,65.9,85.5,72.9,51.3,50.13,82.8,5.3,34.4,244.63,,0.09,20.83,0.0,9.9,21.0,1012.2,"Thunderstorm, Rain, Heavy Rain, Light Rain",34.0536,-118.245,"Los Angeles, CA, United States","Los Angeles, CA, United States",,Rain
"Los Angeles,CA,USA",10/05/2021,65.1,79.7,70.9,59.2,67.91,,13.6,19.7,218.25,,0.02,16.67,0.0,9.9,28.4,1013.8,"Fog, Light Rain",34.0536,-118.245,"Los Angeles, CA, United States","Los Angeles, CA, United States",,"Rain, Partially cloudy"
"Los Angeles,CA,USA",10/06/2021,63.1,71.9,66.1,59.2,78.97,,6.6,,310.08,,0.0,0.0,0.0,8.8,42.7,1015.2,Smoke Or Haze,34.0536,-118.245,"Los Angeles, CA, United States","Los Angeles, CA, United States",,Partially cloudy
"Los Angeles,CA,USA",10/07/2021,64.1,69.8,66.1,58.7,77.31,,5.1,,209.83,,0.0,0.0,0.0,9.5,90.2,1015.9,Smoke Or Haze,34.0536,-118.245,"Los Angeles, CA, United States","Los Angeles, CA, United States",,Overcast
"Los Angeles,CA,USA",10/08/2021,61.4,68.1,64.6,55.7,73.32,,7.2,18.6,273.25,,0.01,8.33,0.0,9.8,72.5,1017.0,Light Rain,34.0536,-118.245,"Los Angeles, CA, United States","Los Angeles, CA, United States",,"Rain, Partially cloudy"
"Los Angeles,CA,USA",10/09/2021,56.1,70.9,63.7,51.8,66.88,,13.8,19.7,127.79,,0.0,0.0,0.0,9.9,0.7,1017.0,,34.0536,-118.245,"Los Angeles, CA, United States","Los Angeles, CA, United States",,Clear
"Los Angeles,CA,USA",10/10/2021,55.3,77.8,65.6,51.1,62.13,,11.7,,168.88,,0.0,0.0,0.0,9.9,0.0,1014.8,Light Rain,34.0536,-118.245,"Los Angeles, CA, United States","Los Angeles, CA, United States",,Clear
"Los Angeles,CA,USA",10/11/2021,57.1,70.9,64.4,45.7,57.91,,16.8,38.0,164.54,,0.0,0.0,0.0,9.0,62.4,1007.4,"Mist, Fog, Smoke Or Haze",34.0536,-118.245,"Los Angeles, CA, United States","Los Angeles, CA, United States",,Partially cloudy
"Los Angeles,CA,USA",10/12/2021,58.0,70.0,62.7,25.8,25.56,,16.1,33.3,285.91,,0.0,0.0,0.0,9.9,1.3,1011.4,,34.0536,-118.245,"Los Angeles, CA, United States","Los Angeles, CA, United States",,Clear
"Los Angeles,CA,USA",10/13/2021,51.4,72.8,61.4,33.2,37.35,,8.3,20.8,176.26,,0.0,0.0,0.0,9.9,0.0,1013.4,,34.0536,-118.245,"Los Angeles, CA, United States","Los Angeles, CA, United States",,Clear
"Los Angeles,CA,USA",10/14/2021,53.2,74.6,63.6,38.9,44.27,,7.3,,172.67,,0.0,0.0,0.0,9.9,0.0,1015.0,,34.0536,-118.245,"Los Angeles, CA, United States","Los Angeles, CA, United States",,Clear
"Los Angeles,CA,USA",10/15/2021,56.2,86.9,70.1,35.3,33.12,83.3,8.6,,121.54,,0.0,0.0,0.0,9.9,0.0,1016.4,,34.0536,-118.245,"Los Angeles, CA, United States","Los Angeles, CA, United States",,Clear
"Los Angeles,CA,USA",10/16/2021,58.2,86.2,71.5,29.4,23.85,82.8,6.6,,174.71,,0.0,0.0,0.0,9.9,0.0,1014.5,,34.0536,-118.245,"Los Angeles, CA, United States","Los Angeles, CA, United States",,Clear
"Los Angeles,CA,USA",10/17/2021,55.3,73.7,63.4,46.8,56.6,,11.1,18.3,196.74,,0.0,0.0,0.0,9.9,14.4,1014.5,Fog,34.0536,-118.245,"Los Angeles, CA, United States","Los Angeles, CA, United States",,Clear
"Los Angeles,CA,USA",10/18/2021,58.1,65.8,61.5,51.5,70.44,,14.5,,209.17,,0.03,8.33,0.0,9.8,44.9,1014.1,"Light Drizzle, Light Rain",34.0536,-118.245,"Los Angeles, CA, United States","Los Angeles, CA, United States",,"Rain, Partially cloudy"
"Los Angeles,CA,USA",10/19/2021,53.0,69.0,60.2,48.1,65.57,,5.3,,187.92,,0.0,0.0,0.0,9.9,0.7,1016.1,,34.0536,-118.245,"Los Angeles, CA, United States","Los Angeles, CA, United States",,Clear
"Los Angeles,CA,USA",10/20/2021,53.3,69.9,61.1,49.3,67.02,,6.7,,199.96,,0.0,0.0,0.0,9.9,1.3,1018.3,,34.0536,-118.245,"Los Angeles, CA, United States","Los Angeles, CA, United States",,Clear
"Los Angeles,CA,USA",10/21/2021,53.2,75.4,62.5,49.8,66.34,,6.8,,177.78,,0.0,0.0,0.0,9.7,14.9,1018.3,Mist,34.0536,-118.245,"Los Angeles, CA, United States","Los Angeles, CA, United States",,Clear
"Los Angeles,CA,USA",10/22/2021,57.0,66.5,61.4,54.9,79.84,,5.5,18.3,197.0,,0.0,0.0,0.0,7.4,69.7,1015.6,"Mist, Smoke Or Haze",34.0536,-118.245,"Los Angeles, CA, United States","Los Angeles, CA, United States",,Partially cloudy
"Los Angeles,CA,USA",10/23/2021,60.2,67.9,63.0,56.7,80.45,,7.6,,244.35,,0.04,12.5,0.0,7.7,85.9,1012.1,"Drizzle, Mist, Heavy Drizzle, Light Drizzle, Light Rain, Smoke Or Haze",34.0536,-118.245,"Los Angeles, CA, United States","Los Angeles, CA, United States",,"Rain, Overcast"
"Los Angeles,CA,USA",10/24/2021,59.1,70.8,62.9,54.7,75.3,,4.6,,184.17,,0.0,0.0,0.0,9.9,35.9,1012.6,,34.0536,-118.245,"Los Angeles, CA, United States","Los Angeles, CA, United States",,Partially cloudy
"Los Angeles,CA,USA",10/25/2021,54.3,61.1,58.7,55.6,89.42,,13.1,29.8,212.96,,0.58,45.83,0.0,7.7,57.7,1012.4,"Mist, Rain, Heavy Rain, Light Rain",34.0536,-118.245,"Los Angeles, CA, United States","Los Angeles, CA, United States",,"Rain, Partially cloudy"
"Los Angeles,CA,USA",10/26/2021,51.2,67.8,59.3,48.7,70.34,,13.0,21.2,141.87,,0.0,0.0,0.0,9.0,0.6,1018.0,Mist,34.0536,-118.245,"Los Angeles, CA, United States","Los Angeles, CA, United States",,Clear
"Los Angeles,CA,USA",10/27/2021,53.3,80.3,65.3,44.1,50.71,79.1,5.2,,175.65,,0.0,0.0,0.0,9.9,0.0,1019.2,,34.0536,-118.245,"Los Angeles, CA, United States","Los Angeles, CA, United States",,Clear
"Los Angeles,CA,USA",10/28/2021,58.3,87.6,71.0,46.9,46.13,84.3,7.2,,124.73,,0.0,0.0,0.0,9.9,0.0,1015.6,,34.0536,-118.245,"Los Angeles, CA, United States","Los Angeles, CA, United States",,Clear
"Los Angeles,CA,USA",10/29/2021,61.3,83.6,69.9,50.4,52.62,82.0,5.9,,163.21,,0.0,0.0,0.0,9.9,1.1,1012.3,Fog,34.0536,-118.245,"Los Angeles, CA, United States","Los Angeles, CA, United States",,Clear
"Los Angeles,CA,USA",10/30/2021,58.1,70.6,62.2,56.1,81.25,,8.1,,144.38,,0.0,0.0,0.0,5.1,61.9,1013.6,"Mist, Fog, Smoke Or Haze",34.0536,-118.245,"Los Angeles, CA, United States","Los Angeles, CA, United States",,Partially cloudy
"Los Angeles,CA,USA",10/31/2021,59.1,67.6,61.9,53.7,74.79,,5.2,,177.0,,0.0,0.0,0.0,8.2,59.9,1015.3,"Mist, Smoke Or Haze",34.0536,-118.245,"Los Angeles, CA, United States","Los Angeles, CA, United States",,Partially cloudy
"Los Angeles,CA,USA",11/01/2021,56.0,65.0,59.8,53.8,80.88,,8.1,,230.71,,0.0,0.0,0.0,7.1,2.5,1018.9,"Mist, Light Rain, Smoke Or Haze",34.0536,-118.245,"Los Angeles, CA, United States","Los Angeles, CA, United States",,Clear
"Los Angeles,CA,USA",11/02/2021,54.1,66.7,59.0,54.1,84.52,,9.8,,242.67,,0.0,0.0,0.0,7.1,37.9,1020.3,"Mist, Smoke Or Haze",34.0536,-118.245,"Los Angeles, CA, United States","Los Angeles, CA, United States",,Partially cloudy
"Los Angeles,CA,USA",11/03/2021,56.2,70.0,61.2,55.8,83.38,,7.4,,200.75,,0.0,0.0,0.0,4.2,60.8,1017.5,"Mist, Fog, Smoke Or Haze",34.0536,-118.245,"Los Angeles, CA, United States","Los Angeles, CA, United States",,Partially cloudy
"Los Angeles,CA,USA",11/04/2021,57.8,69.8,62.2,55.5,79.56,,3.9,,187.48,,0.0,0.0,0.0,4.4,41.1,1015.2,"Mist, Fog, Light Rain, Smoke Or Haze",34.0536,-118.245,"Los Angeles, CA, United States","Los Angeles, CA, United States",,Partially cloudy
"Los Angeles,CA,USA",11/05/2021,56.3,71.6,60.9,55.5,83.99,,4.5,,112.71,,0.0,0.0,0.0,2.2,61.0,1014.5,"Mist, Fog, Smoke Or Haze",34.0536,-118.245,"Los Angeles, CA, United States","Los Angeles, CA, United States",,Partially cloudy
"Los Angeles,CA,USA",11/06/2021,56.2,65.8,59.5,53.9,82.04,,7.1,,195.57,,0.0,0.0,0.0,2.6,68.8,1016.8,"Mist, Smoke Or Haze",34.0536,-118.245,"Los Angeles, CA, United States","Los Angeles, CA, United States",,Partially cloudy
"Los Angeles,CA,USA",11/07/2021,55.3,64.9,57.8,52.6,83.07,,5.4,,171.08,,0.0,0.0,0.0,3.0,58.5,1016.4,"Mist, Smoke Or Haze",34.0536,-118.245,"Los Angeles, CA, United States","Los Angeles, CA, United States",,Partially cloudy
"Los Angeles,CA,USA",11/08/2021,55.3,68.9,60.2,52.3,75.86,,6.2,,170.29,,0.0,0.0,0.0,6.5,43.4,1017.9,"Mist, Smoke Or Haze",34.0536,-118.245,"Los Angeles, CA, United States","Los Angeles, CA, United States",,Partially cloudy
"Los Angeles,CA,USA",11/09/2021,56.3,66.0,60.5,53.4,77.92,,8.3,,236.79,,0.0,0.0,0.0,8.0,54.6,1021.9,"Mist, Light Rain, Smoke Or Haze",34.0536,-118.245,"Los Angeles, CA, United States","Los Angeles, CA, United States",,Partially cloudy
"Los Angeles,CA,USA",11/10/2021,58.9,72.8,63.6,54.1,72.24,,4.5,,199.68,,0.0,0.0,0.0,7.0,30.4,1019.1,"Mist, Fog, Light Rain, Smoke Or Haze",34.0536,-118.245,"Los Angeles, CA, United States","Los Angeles, CA, United States",,Partially cloudy
"Los Angeles,CA,USA",11/11/2021,56.3,84.9,69.8,46.4,47.38,82.1,7.1,,159.05,,0.0,0.0,0.0,9.8,0.1,1017.2,Fog,34.0536,-118.245,"Los Angeles, CA, United States","Los Angeles, CA, United States",,Clear
"Los Angeles,CA,USA",11/12/2021,59.6,89.1,73.1,43.7,38.22,85.4,5.3,,136.86,,0.0,0.0,0.0,9.9,0.9,1016.9,,34.0536,-118.245,"Los Angeles, CA, United States","Los Angeles, CA, United States",,Clear
"Los Angeles,CA,USA",11/13/2021,62.5,88.9,73.6,38.6,30.13,85.0,5.5,,91.22,,0.0,0.0,0.0,9.9,0.0,1016.6,Light Rain,34.0536,-118.245,"Los Angeles, CA, United States","Los Angeles, CA, United States",,Clear
"Los Angeles,CA,USA",11/14/2021,57.4,87.3,70.2,41.6,39.52,83.7,5.3,,145.54,,0.0,0.0,0.0,9.9,0.0,1017.4,,34.0536,-118.245,"Los Angeles, CA, United States","Los Angeles, CA, United States",,Clear
"Los Angeles,CA,USA",11/15/2021,56.4,79.4,64.9,49.1,61.16,,6.3,17.2,171.0,,0.0,0.0,0.0,9.0,21.2,1017.9,"Mist, Fog, Light Rain",34.0536,-118.245,"Los Angeles, CA, United States","Los Angeles, CA, United States",,Clear
"Los Angeles,CA,USA",11/16/2021,56.2,65.8,59.5,52.8,79.26,,5.9,,177.09,,0.0,0.0,0.0,5.7,59.5,1016.0,"Mist, Light Rain, Smoke Or Haze",34.0536,-118.245,"Los Angeles, CA, United States","Los Angeles, CA, United States",,Partially cloudy
"Los Angeles,CA,USA",11/17/2021,56.2,67.7,59.9,52.0,75.71,,5.9,,197.17,,0.0,0.0,0.0,6.0,37.6,1016.6,"Mist, Smoke Or Haze",34.0536,-118.245,"Los Angeles, CA, United States","Los Angeles, CA, United States",,Partially cloudy
"Los Angeles,CA,USA",11/18/2021,52.3,65.0,58.2,53.1,83.74,,5.2,,237.59,,0.0,0.0,0.0,5.3,46.8,1018.5,"Mist, Smoke Or Haze",34.0536,-118.245,"Los Angeles, CA, United States","Los Angeles, CA, United States",,Partially cloudy
"Los Angeles,CA,USA",11/19/2021,56.9,65.9,59.0,52.8,80.37,,5.1,,251.63,,0.0,0.0,0.0,3.9,64.2,1018.4,"Mist, Smoke Or Haze",34.0536,-118.245,"Los Angeles, CA, United States","Los Angeles, CA, United States",,Partially cloudy
"Los Angeles,CA,USA",11/20/2021,56.3,64.9,58.8,52.2,79.25,,5.5,,169.39,,0.0,0.0,0.0,3.2,52.5,1017.6,"Mist, Smoke Or Haze",34.0536,-118.245,"Los Angeles, CA, United States","Los Angeles, CA, United States",,Partially cloudy
"Los Angeles,CA,USA",11/21/2021,51.6,84.3,65.9,36.2,45.7,81.4,6.1,,107.82,,0.0,0.0,0.0,7.5,0.6,1018.0,"Mist, Smoke Or Haze",34.0536,-118.245,"Los Angeles, CA, United States","Los Angeles, CA, United States",,Clear
"Los Angeles,CA,USA",11/22/2021,54.8,82.4,68.0,25.7,22.34,79.9,4.2,,194.04,,0.0,0.0,0.0,9.9,1.4,1016.7,Light Rain,34.0536,-118.245,"Los Angeles, CA, United States","Los Angeles, CA, United States",,Clear
"Los Angeles,CA,USA",11/23/2021,57.2,73.8,64.2,43.8,49.98,,5.2,,185.42,,0.0,0.0,0.0,9.7,1.9,1013.8,Smoke Or Haze,34.0536,-118.245,"Los Angeles, CA, United States","Los Angeles, CA, United States",,Clear
"Los Angeles,CA,USA",11/24/2021,53.3,71.1,62.0,47.3,61.38,,7.1,46.1,110.43,,0.0,0.0,0.0,9.9,1.9,1017.6,Smoke Or Haze,34.0536,-118.245,"Los Angeles, CA, United States","Los Angeles, CA, United States",,Clear
"Los Angeles,CA,USA",11/25/2021,48.7,75.9,61.4,23.3,28.22,,5.0,54.1,169.79,,0.0,0.0,0.0,9.9,0.6,1022.9,,34.0536,-118.245,"Los Angeles, CA, United States","Los Angeles, CA, United States",,Clear
"Los Angeles,CA,USA",11/26/2021,47.9,75.1,60.2,24.5,28.26,,4.3,,133.18,,0.0,0.0,0.0,9.9,1.4,1019.1,Smoke Or Haze,34.0536,-118.245,"Los Angeles, CA, United States","Los Angeles, CA, United States",,Clear
"Los Angeles,CA,USA",11/27/2021,50.0,76.7,62.1,27.9,31.75,,8.1,,162.61,,0.0,0.0,0.0,9.9,0.2,1018.0,,34.0536,-118.245,"Los Angeles, CA, United States","Los Angeles, CA, United States",,Clear
"Los Angeles,CA,USA",11/28/2021,49.1,74.9,60.8,40.3,52.44,,4.1,,192.33,,0.0,0.0,0.0,9.7,0.2,1020.3,"Mist, Fog",34.0536,-118.245,"Los Angeles, CA, United States","Los Angeles, CA, United States",,Clear
"Los Angeles,CA,USA",11/29/2021,50.5,75.5,61.3,45.0,59.66,,4.2,,140.91,,0.0,0.0,0.0,8.8,0.6,1017.5,"Fog, Smoke Or Haze",34.0536,-118.245,"Los Angeles, CA, United States","Los Angeles, CA, United States",,Clear
"Los Angeles,CA,USA",11/30/2021,49.4,67.6,57.7,50.9,79.21,,5.2,,187.9,,0.0,0.0,0.0,5.3,3.9,1016.4,"Mist, Fog, Smoke Or Haze",34.0536,-118.245,"Los Angeles, CA, United States","Los Angeles, CA, United States",,Clear
"Los Angeles,CA,USA",12/01/2021,49.5,70.9,57.3,51.9,83.43,,3.9,,196.83,,0.0,4.17,0.0,2.7,37.9,1017.7,"Mist, Fog, Light Rain, Smoke Or Haze",34.0536,-118.245,"Los Angeles, CA, United States","Los Angeles, CA, United States",,Partially cloudy
"Los Angeles,CA,USA",12/02/2021,52.3,62.0,55.5,51.1,85.44,,6.3,,137.5,,0.0,0.0,0.0,2.7,71.0,1019.2,"Mist, Fog, Smoke Or Haze",34.0536,-118.245,"Los Angeles, CA, United States","Los Angeles, CA, United States",,Partially cloudy
"Los Angeles,CA,USA",12/03/2021,54.2,62.8,56.7,49.9,78.37,,7.4,,258.54,,0.0,0.0,0.0,4.2,65.5,1019.1,"Mist, Smoke Or Haze",34.0536,-118.245,"Los Angeles, CA, United States","Los Angeles, CA, United States",,Partially cloudy
"Los Angeles,CA,USA",12/04/2021,54.4,62.9,57.2,50.0,77.26,,4.2,,110.29,,0.0,0.0,0.0,5.0,50.5,1020.2,"Mist, Light Rain, Smoke Or Haze",34.0536,-118.245,"Los Angeles, CA, United States","Los Angeles, CA, United States",,Partially cloudy
"Los Angeles,CA,USA",12/05/2021,52.5,64.0,56.1,50.8,82.88,,4.0,,171.17,,0.0,0.0,0.0,4.1,48.4,1018.6,"Mist, Fog, Smoke Or Haze",34.0536,-118.245,"Los Angeles, CA, United States","Los Angeles, CA, United States",,Partially cloudy
"Los Angeles,CA,USA",12/06/2021,48.1,65.9,56.9,49.8,78.16,,5.0,,120.7,,0.0,0.0,0.0,4.3,25.3,1016.7,"Mist, Light Rain, Smoke Or Haze",34.0536,-118.245,"Los Angeles, CA, United States","Los Angeles, CA, United States",,Partially cloudy
"Los Angeles,CA,USA",12/07/2021,55.4,63.2,59.3,50.9,74.12,,6.3,,48.25,,0.01,8.33,0.0,7.7,71.3,1014.8,"Mist, Light Rain, Smoke Or Haze",34.0536,-118.245,"Los Angeles, CA, United States","Los Angeles, CA, United States",,"Rain, Partially cloudy"
"Los Angeles,CA,USA",12/08/2021,51.3,65.2,57.7,50.8,78.52,,6.5,,211.54,,0.0,4.17,0.0,7.4,26.2,1016.0,"Mist, Fog, Smoke Or Haze",34.0536,-118.245,"Los Angeles, CA, United States","Los Angeles, CA, United States",,Partially cloudy
"Los Angeles,CA,USA",12/09/2021,53.5,59.0,56.6,48.7,75.78,,12.1,25.3,280.0,,0.11,25.0,0.0,9.2,67.2,1013.8,"Mist, Light Drizzle, Rain, Heavy Rain, Light Rain",34.0536,-118.245,"Los Angeles, CA, United States","Los Angeles, CA, United States",,"Rain, Partially cloudy"
"Los Angeles,CA,USA",12/10/2021,47.1,61.2,54.4,42.4,65.16,,5.3,,170.96,,0.0,0.0,0.0,9.9,5.9,1018.8,,34.0536,-118.245,"Los Angeles, CA, United States","Los Angeles, CA, United States",,Clear
"Los Angeles,CA,USA",12/11/2021,47.1,66.1,54.9,33.0,46.54,,5.2,,105.26,46.4,0.0,0.0,0.0,9.9,0.5,1020.6,,34.0536,-118.245,"Los Angeles, CA, United States","Los Angeles, CA, United States",,Clear
"Los Angeles,CA,USA",12/12/2021,44.2,63.1,53.4,36.0,54.17,,4.3,,156.81,,0.0,0.0,0.0,9.9,0.6,1016.9,,34.0536,-118.245,"Los Angeles, CA, United States","Los Angeles, CA, United States",,Clear
"Los Angeles,CA,USA",12/13/2021,47.5,58.1,54.0,44.0,69.21,,7.5,25.3,82.17,,0.0,0.0,0.0,9.4,78.5,1018.4,Light Rain,34.0536,-118.245,"Los Angeles, CA, United States","Los Angeles, CA, United States",,Overcast
"Los Angeles,CA,USA",12/14/2021,43.5,58.0,52.0,47.9,86.04,,14.2,37.5,241.21,,2.03,70.83,0.0,6.1,69.5,1014.1,"Mist, Rain, Fog, Heavy Rain, Light Rain",34.0536,-118.245,"Los Angeles, CA, United States","Los Angeles, CA, United States",,"Rain, Partially cloudy"
"Los Angeles,CA,USA",12/15/2021,39.2,56.7,47.3,35.4,65.48,,9.7,,222.52,38.4,0.0,0.0,0.0,9.9,2.4,1022.7,Mist,34.0536,-118.245,"Los Angeles, CA, United States","Los Angeles, CA, United States",,Clear
"Los Angeles,CA,USA",12/16/2021,41.4,57.5,49.6,40.8,72.57,,3.9,,126.04,49.1,0.04,20.83,0.0,8.4,44.7,1020.1,"Mist, Rain, Heavy Rain, Light Rain, Smoke Or Haze",34.0536,-118.245,"Los Angeles, CA, United States","Los Angeles, CA, United States",,"Rain, Partially cloudy"
"Los Angeles,CA,USA",12/17/2021,46.4,65.9,54.2,41.3,64.23,,3.4,,158.87,,0.0,0.0,0.0,9.4,15.9,1019.5,"Mist, Rain, Heavy Rain, Light Rain, Smoke Or Haze",34.0536,-118.245,"Los Angeles, CA, United States","Los Angeles, CA, United States",,Clear
"Los Angeles,CA,USA",12/18/2021,43.5,67.8,54.1,32.4,47.08,,5.2,,172.88,44.9,0.0,0.0,0.0,9.9,0.2,1020.4,,34.0536,-118.245,"Los Angeles, CA, United States","Los Angeles, CA, United States",,Clear
"Los Angeles,CA,USA",12/19/2021,42.3,64.0,53.3,34.7,52.59,,7.3,,121.5,47.1,0.0,0.0,0.0,9.5,0.4,1019.4,Light Rain,34.0536,-118.245,"Los Angeles, CA, United States","Los Angeles, CA, United States",,Clear
"Los Angeles,CA,USA",12/20/2021,41.3,64.7,52.4,38.5,63.69,,1.2,,172.95,,0.0,0.0,0.0,8.0,2.3,1019.9,"Mist, Light Rain, Smoke Or Haze",34.0536,-118.245,"Los Angeles, CA, United States","Los Angeles, CA, United States",,Clear
"Los Angeles,CA,USA",12/21/2021,51.4,68.1,56.8,39.3,55.33,,3.7,,200.52,,0.0,0.0,0.0,9.5,2.5,1019.3,Smoke Or Haze,34.0536,-118.245,"Los Angeles, CA, United States","Los Angeles, CA, United States",,Clear
"Los Angeles,CA,USA",12/22/2021,46.0,64.2,56.5,40.5,57.86,,3.7,,197.36,,0.0,0.0,0.0,9.1,27.8,1017.8,"Mist, Smoke Or Haze",34.0536,-118.245,"Los Angeles, CA, United States","Los Angeles, CA, United States",,Partially cloudy
"Los Angeles,CA,USA",12/23/2021,52.5,57.2,54.5,50.0,84.87,,13.2,25.3,143.17,,1.56,83.33,0.0,5.6,100.0,1014.5,"Mist, Rain, Heavy Rain, Light Rain, Smoke Or Haze",34.0536,-118.245,"Los Angeles, CA, United States","Los Angeles, CA, United States",,"Rain, Overcast"
"Los Angeles,CA,USA",12/24/2021,42.3,60.2,55.3,50.3,83.85,,9.1,31.1,199.0,39.4,0.3,37.5,0.0,8.7,77.5,1011.3,"Mist, Thunderstorm, Light Rain",34.0536,-118.245,"Los Angeles, CA, United States","Los Angeles, CA, United States",,"Rain, Overcast"
"Los Angeles,CA,USA",12/25/2021,50.2,56.1,52.8,47.4,81.97,,6.3,18.3,196.88,,0.03,50.0,0.0,8.4,96.2,1015.8,"Mist, Rain, Heavy Rain, Light Rain",34.0536,-118.245,"Los Angeles, CA, United States","Los Angeles, CA, United States",,"Rain, Overcast"
"Los Angeles,CA,USA",12/26/2021,44.8,57.1,51.3,41.9,72.26,,12.0,,253.52,,0.03,16.67,0.0,9.5,18.9,1017.5,"Mist, Rain, Heavy Rain, Light Rain",34.0536,-118.245,"Los Angeles, CA, United States","Los Angeles, CA, United States",,Rain
"Los Angeles,CA,USA",12/27/2021,43.3,54.1,49.4,42.7,78.5,,7.3,31.1,193.04,45.0,0.03,20.83,0.0,9.0,52.8,1015.8,"Mist, Rain, Heavy Rain, Light Rain",34.0536,-118.245,"Los Angeles, CA, United States","Los Angeles, CA, United States",,"Rain, Partially cloudy"
"Los Angeles,CA,USA",12/28/2021,43.7,55.1,49.1,40.1,72.72,,5.3,19.7,228.54,45.7,0.0,4.17,0.0,9.5,30.6,1011.1,"Rain, Heavy Rain, Light Rain",34.0536,-118.245,"Los Angeles, CA, United States","Los Angeles, CA, United States",,Partially cloudy
"Los Angeles,CA,USA",12/29/2021,46.2,52.9,49.7,44.6,82.97,,8.2,20.8,72.0,43.2,1.56,66.67,0.0,7.3,89.7,1011.7,"Mist, Rain, Heavy Rain, Light Rain",34.0536,-118.245,"Los Angeles, CA, United States","Los Angeles, CA, United States",,"Rain, Overcast"
"Los Angeles,CA,USA",12/30/2021,51.3,54.3,53.0,50.6,91.5,,11.8,25.3,118.08,,2.74,83.33,0.0,5.1,95.5,1010.3,"Mist, Rain, Heavy Rain, Light Rain",34.0536,-118.245,"Los Angeles, CA, United States","Los Angeles, CA, United States",,"Rain, Overcast"
"Los Angeles,CA,USA",12/31/2021,46.4,58.9,52.8,46.2,79.06,,5.3,,260.42,48.5,0.0,0.0,0.0,9.6,22.8,1007.1,Mist,34.0536,-118.245,"Los Angeles, CA, United States","Los Angeles, CA, United States",,Clear
